2017-03-21 08:28:57,2017-03-21,270,0.00,0.00,0.00,0.00,37.78,67270,0.00,0.00,0.00,0.00,37.78,67,0.00,0.00,37.78,67,987.80
2017-03-21 08:28:58,2017-03-21,270,0.00,0.00,0.00,0.00,37.78,67,987.80
2017-03-21 08:28:59,2017-03-21,270,0.00,0.00,0.00,0.00,37.78,67,987.80
2017-03-21 08:29:00,2017-03-21,270,0.00,0.00,0.00,0.00,37.78,67,987.80
2017-03-21 08:29:01,2017-03-21,270,0.00,0.00,0.00,0.00,37.78,67,987.80
2017-03-21 08:29:02,2017-03-21,270,0.00,0.00,0.00,0.00,37.78,67,987.80
2017-03-21 08:29:03,2017-03-21,270,0.00,0.00,0.00,0.00,37.78,67,987.80
2017-03-21 08:29:04,2017-03-21,270,0.00,0.00,0.00,0.00,37.78,67,987.80
2017-03-21 08:29:05,2017-03-21,270,0.00,0.00,0.00,0.00,37.78,67,987.90
2017-03-21 08:29:06,2017-03-21,270,0.00,0.00,0.00,0.00,37.78,67,987.80
2017-03-21 08:29:07,2017-03-21,270,0.00,0.00,0.00,0.00,37.78,67,987.80
2017-03-21 08:29:08,2017-03-21,270,0.00,0.00,0.00,0.00,37.78,67,987.80
2017-03-21 08:29:09,2017-03-21,270,0.00,0.00,0.00,0.00,37.78,67,987.70
2017-03-21 08:29:10,2017-03-21,270,0.00,0.00,0.00,0.00,37.78,67,987.80
2017-03-21 08:29:11,2017-03-21,270,0.00,0.00,0.00,0.00,37.78,67,987.90
2017-03-21 08:29:12,2017-03-21,270,0.00,0.00,0.00,0.00,37.78,67,987.80
2017-03-21 08:29:13,2017-03-21,270,0.00,0.00,0.00,0.00,37.78,67,987.70
2017-03-21 08:29:14,2017-03-21,270,0.00,0.00,0.00,0.00,37.78,67,987.80
2017-03-21 08:29:15,2017-03-21,270,0.00,0.00,0.00,0.00,37.78,67,987.90
2017-03-21 08:29:16,2017-03-21,270,0.00,0.00,0.00,0.00,37.78,67,987.80
2017-03-21 08:29:17,2017-03-21,270,0.00,0.00,0.00,0.00,37.78,67,988.00
2017-03-21 08:29:18,2017-03-21,270,0.00,0.00,0.00,0.00,37.78,67,987.80
2017-03-21 08:29:19,2017-03-21,270,0.00,0.00,0.00,0.00,37.78,67,987.80
2017-03-21 08:29:20,2017-03-21,270,0.00,0.00,0.00,0.00,37.78,67,987.70
2017-03-21 08:29:21,2017-03-21,270,0.00,0.00,0.00,0.00,37.78,67,987.80
2017-03-21 08:29:22,2017-03-21,270,0.00,0.00,0.00,0.00,37.78,67,987.80
2017-03-21 08:29:23,2017-03-21,270,0.00,0.00,0.00,0.00,37.78,67,987.80
2017-03-21 08:29:24,2017-03-21,270,0.00,0.00,0.00,0.00,37.78,67,987.80
2017-03-21 08:29:25,2017-03-21,270,0.00,0.00,0.00,0.00,37.78,67,987.80
2017-03-21 08:29:26,2017-03-21,270,0.00,0.00,0.00,0.00,37.78,67,987.80
2017-03-21 08:29:27,2017-03-21,270,0.00,0.00,0.00,0.00,37.78,67,987.80
2017-03-21 08:29:28,2017-03-21,270,0.00,0.00,0.00,0.00,37.78,67,987.80
2017-03-21 08:29:29,2017-03-21,270,0.00,0.00,0.00,0.00,37.78,67,987.70
2017-03-21 08:29:30,2017-03-21,270,0.00,0.00,0.00,0.00,37.78,67,987.80
2017-03-21 08:29:31,2017-03-21,270,0.00,0.00,0.00,0.00,37.78,67,987.80
2017-03-21 08:29:32,2017-03-21,270,0.00,0.00,0.00,0.00,37.78,67,987.80
2017-03-21 08:29:33,2017-03-21,270,0.00,0.00,0.00,0.00,37.78,67,987.90
2017-03-21 08:29:34,2017-03-21,270,0.00,0.00,0.00,0.00,37.78,67,987.80
2017-03-21 08:29:35,2017-03-21,270,0.00,0.00,0.00,0.00,37.78,67,987.80
2017-03-21 08:29:36,2017-03-21,270,0.00,0.00,0.00,0.00,37.78,67,987.70
2017-03-21 08:29:37,2017-03-21,270,0.00,0.00,0.00,0.00,37.78,67,987.90
2017-03-21 08:29:38,2017-03-21,270,0.00,0.00,0.00,0.00,37.78,67,987.80
2017-03-21 08:29:39,2017-03-21,270,0.00,0.00,0.00,0.00,37.78,67,987.80
2017-03-21 08:29:40,2017-03-21,270,0.00,0.00,0.00,0.00,37.78,67,987.90
2017-03-21 08:29:41,2017-03-21,270,0.00,0.00,0.00,0.00,37.78,67,987.80
2017-03-21 08:29:42,2017-03-21,270,0.00,0.00,0.00,0.00,37.78,67,987.90
2017-03-21 08:29:43,2017-03-21,270,0.00,0.00,0.00,0.00,37.78,67,987.80
2017-03-21 08:29:44,2017-03-21,270,0.00,0.00,0.00,0.00,37.78,67,987.90
2017-03-21 08:29:45,2017-03-21,270,0.00,0.00,0.00,0.00,37.78,67,987.80
2017-03-21 08:29:47,2017-03-21,270,0.00,0.00,0.00,0.00,37.78,67,987.80
2017-03-21 08:29:48,2017-03-21,270,0.00,0.00,0.00,0.00,37.78,67,987.80
2017-03-21 08:29:49,2017-03-21,270,0.00,0.00,0.00,0.00,37.78,67,987.70
2017-03-21 08:29:50,2017-03-21,270,0.00,0.00,0.00,0.00,37.78,67,987.90
2017-03-21 08:29:51,2017-03-21,270,0.00,0.00,0.00,0.00,37.78,67,987.70
2017-03-21 08:29:52,2017-03-21,270,0.00,0.00,0.00,0.00,37.78,67,987.90
2017-03-21 08:29:53,2017-03-21,270,0.00,0.00,0.00,0.00,37.78,67,987.80
2017-03-21 08:29:54,2017-03-21,270,0.00,0.00,0.00,0.00,37.78,67,987.80
2017-03-21 08:29:55,2017-03-21,270,0.00,0.00,0.00,0.00,37.78,67,987.90
2017-03-21 08:29:56,2017-03-21,270,0.00,0.00,0.00,0.00,37.78,67,987.90
2017-03-21 08:29:57,2017-03-21,270,0.00,0.00,0.00,0.00,37.78,67,987.80
2017-03-21 08:29:58,2017-03-21,270,0.00,0.00,0.00,0.00,37.78,67,987.90
2017-03-21 08:29:59,2017-03-21,270,0.00,0.00,0.00,0.00,37.78,67,987.80
2017-03-21 08:30:00,2017-03-21,270,0.00,0.00,0.00,0.00,37.78,67,987.80
2017-03-21 08:30:01,2017-03-21,270,0.00,0.00,0.00,0.00,37.78,67,988.00
2017-03-21 08:30:02,2017-03-21,270,0.00,0.00,0.00,0.00,37.78,67,987.90
2017-03-21 08:30:03,2017-03-21,270,0.00,0.00,0.00,0.00,37.78,67,987.90
2017-03-21 08:30:04,2017-03-21,270,0.00,0.00,0.00,0.00,37.78,67,987.80
2017-03-21 08:30:05,2017-03-21,270,0.00,0.00,0.00,0.00,37.78,67,987.80
2017-03-21 08:30:06,2017-03-21,270,0.00,0.00,0.00,0.00,37.78,67,987.80
2017-03-21 08:30:07,2017-03-21,270,0.00,0.00,0.00,0.00,37.78,67,987.80
2017-03-21 08:30:08,2017-03-21,270,0.00,0.00,0.00,0.00,37.78,67,988.00
2017-03-21 08:30:09,2017-03-21,270,0.00,0.00,0.00,0.00,37.78,67,987.90
2017-03-21 08:30:10,2017-03-21,270,0.00,0.00,0.00,0.00,37.78,67,987.90
2017-03-21 08:30:11,2017-03-21,270,0.00,0.00,0.00,0.00,37.78,67,987.80
2017-03-21 08:30:12,2017-03-21,270,0.00,0.00,0.00,0.00,37.78,67,987.90
2017-03-21 08:30:13,2017-03-21,270,0.00,0.00,0.00,0.00,37.78,67,987.80
2017-03-21 08:30:14,2017-03-21,270,0.00,0.00,0.00,0.00,37.78,67,987.80
2017-03-21 08:30:15,2017-03-21,270,0.00,0.00,0.00,0.00,37.78,67,987.80
2017-03-21 08:30:16,2017-03-21,270,0.00,0.00,0.00,0.00,37.78,67,987.80
2017-03-21 08:30:17,2017-03-21,270,0.00,0.00,0.00,0.00,37.78,67,987.80
2017-03-21 08:30:18,2017-03-21,270,0.00,0.00,0.00,0.00,37.78,67,987.90
2017-03-21 08:30:19,2017-03-21,270,0.00,0.00,0.00,0.00,37.78,67,987.80
2017-03-21 08:30:20,2017-03-21,270,0.00,0.00,0.00,0.00,37.78,67,987.90
2017-03-21 08:30:21,2017-03-21,270,0.00,0.00,0.00,0.00,37.78,67,987.90
2017-03-21 08:30:22,2017-03-21,270,0.00,0.00,0.00,0.00,37.78,67,987.80
2017-03-21 08:30:23,2017-03-21,270,0.00,0.00,0.00,0.00,37.78,67,987.80
2017-03-21 08:30:24,2017-03-21,270,0.00,0.00,0.00,0.00,37.78,67,987.90
2017-03-21 08:30:25,2017-03-21,270,0.00,0.00,0.00,0.00,37.78,67,988.00
2017-03-21 08:30:26,2017-03-21,270,0.00,0.00,0.00,0.00,37.78,67,987.90
2017-03-21 08:30:27,2017-03-21,270,0.00,0.00,0.00,0.00,37.78,67,987.90
2017-03-21 08:30:28,2017-03-21,270,0.00,0.00,0.00,0.00,37.78,67,987.80
2017-03-21 08:30:29,2017-03-21,270,0.00,0.00,0.00,0.00,37.78,67,987.90
2017-03-21 08:30:30,2017-03-21,270,0.00,0.00,0.00,0.00,37.78,67,987.90
2017-03-21 08:30:31,2017-03-21,270,0.00,0.00,0.00,0.00,37.78,67,987.80
2017-03-21 08:30:32,2017-03-21,270,0.00,0.00,0.00,0.00,37.78,67,987.90
2017-03-21 08:30:33,2017-03-21,270,0.00,0.00,0.00,0.00,37.78,67,987.80
2017-03-21 08:30:34,2017-03-21,270,0.00,0.00,0.00,0.00,37.78,67,987.90
2017-03-21 08:30:35,2017-03-21,270,0.00,0.00,0.00,0.00,37.78,67,987.80
2017-03-21 08:30:36,2017-03-21,270,0.00,0.00,0.00,0.00,37.78,67,987.90
2017-03-21 08:30:37,2017-03-21,270,0.00,0.00,0.00,0.00,37.78,67,987.80
2017-03-21 08:30:38,2017-03-21,270,0.00,0.00,0.00,0.00,37.78,67,987.80
2017-03-21 08:30:39,2017-03-21,270,0.00,0.00,0.00,0.00,37.78,67,987.90
2017-03-21 08:30:40,2017-03-21,270,0.00,0.00,0.00,0.00,37.78,67,987.90
2017-03-21 08:30:41,2017-03-21,270,0.00,0.00,0.00,0.00,37.78,67,987.80
2017-03-21 08:30:42,2017-03-21,270,0.00,0.00,0.00,0.00,37.78,67,987.90
2017-03-21 08:30:43,2017-03-21,270,0.00,0.00,0.00,0.00,37.78,67,987.90
2017-03-21 08:30:44,2017-03-21,270,0.00,0.00,0.00,0.00,37.78,67,987.90
2017-03-21 08:30:45,2017-03-21,270,0.00,0.00,0.00,0.00,37.78,67,987.90
2017-03-21 08:30:46,2017-03-21,270,0.00,0.00,0.00,0.00,37.78,67,987.90
2017-03-21 08:30:47,2017-03-21,270,0.00,0.00,0.00,0.00,37.78,67,987.80
2017-03-21 08:30:48,2017-03-21,270,0.00,0.00,0.00,0.00,37.78,67,987.80
2017-03-21 08:30:49,2017-03-21,270,0.00,0.00,0.00,0.00,37.78,67,987.80
2017-03-21 08:30:50,2017-03-21,270,0.00,0.00,0.00,0.00,37.78,67,987.90
2017-03-21 08:30:51,2017-03-21,270,0.00,0.00,0.00,0.00,37.78,67,987.80
2017-03-21 08:30:52,2017-03-21,270,0.00,0.00,0.00,0.00,37.78,67,987.80
2017-03-21 08:30:53,2017-03-21,270,0.00,0.00,0.00,0.00,37.78,67,987.70
2017-03-21 08:30:54,2017-03-21,270,0.00,0.00,0.00,0.00,37.78,67,987.80
2017-03-21 08:30:55,2017-03-21,270,0.00,0.00,0.00,0.00,37.78,67,987.80
2017-03-21 08:30:56,2017-03-21,270,0.00,0.00,0.00,0.00,37.78,67,987.80
2017-03-21 08:30:57,2017-03-21,270,0.00,0.00,0.00,0.00,37.78,67,987.70
2017-03-21 08:30:58,2017-03-21,270,0.00,0.00,0.00,0.00,37.78,67,987.80
2017-03-21 08:30:59,2017-03-21,270,0.00,0.00,0.00,0.00,37.78,67,987.90
2017-03-21 08:31:00,2017-03-21,270,0.00,0.00,0.00,0.00,37.78,67,987.80
2017-03-21 08:31:01,2017-03-21,270,0.00,0.00,0.00,0.00,37.78,67,987.90
2017-03-21 08:31:02,2017-03-21,270,0.00,0.00,0.00,0.00,37.78,67,987.80
2017-03-21 08:31:03,2017-03-21,270,0.00,0.00,0.00,0.00,37.78,67,987.90
2017-03-21 08:31:04,2017-03-21,270,0.00,0.00,0.00,0.00,37.78,67,987.70
2017-03-21 08:31:05,2017-03-21,270,0.00,0.00,0.00,0.00,37.78,67,987.80
2017-03-21 08:31:06,2017-03-21,270,0.00,0.00,0.00,0.00,37.78,67,987.80
2017-03-21 08:31:07,2017-03-21,270,0.00,0.00,0.00,0.00,37.78,67,987.80
2017-03-21 08:31:08,2017-03-21,270,0.00,0.00,0.00,0.00,37.78,67,987.80
2017-03-21 08:31:09,2017-03-21,270,0.00,0.00,0.00,0.00,37.78,67,987.80
2017-03-21 08:31:10,2017-03-21,270,0.00,0.00,0.00,0.00,37.78,67,987.80
2017-03-21 08:31:11,2017-03-21,270,0.00,0.00,0.00,0.00,37.78,67,987.90
2017-03-21 08:31:12,2017-03-21,270,0.00,0.00,0.00,0.00,37.78,67,987.80
2017-03-21 08:31:13,2017-03-21,270,0.00,0.00,0.00,0.00,37.78,67,987.80
2017-03-21 08:31:14,2017-03-21,270,0.00,0.00,0.00,0.00,37.78,67,987.90
2017-03-21 08:31:15,2017-03-21,270,0.00,0.00,0.00,0.00,37.78,67,987.80
2017-03-21 08:31:16,2017-03-21,270,0.00,0.00,0.00,0.00,37.78,67,987.90
2017-03-21 08:31:17,2017-03-21,270,0.00,0.00,0.00,0.00,37.78,67,987.80
2017-03-21 08:31:18,2017-03-21,270,0.00,0.00,0.00,0.00,37.78,67,987.90
2017-03-21 08:31:19,2017-03-21,270,0.00,0.00,0.00,0.00,37.78,67,987.80
2017-03-21 08:31:20,2017-03-21,270,0.00,0.00,0.00,0.00,37.78,67,987.80
2017-03-21 08:31:21,2017-03-21,270,0.00,0.00,0.00,0.00,37.78,67,987.80
2017-03-21 08:31:22,2017-03-21,270,0.00,0.00,0.00,0.00,37.78,67,987.80
2017-03-21 08:31:23,2017-03-21,270,0.00,0.00,0.00,0.00,37.78,67,987.80
2017-03-21 08:31:24,2017-03-21,270,0.00,0.00,0.00,0.00,37.78,67,987.80
2017-03-21 08:31:25,2017-03-21,270,0.00,0.00,0.00,0.00,37.78,67,987.90
2017-03-21 08:31:26,2017-03-21,270,0.00,0.00,0.00,0.00,37.78,67,987.80
2017-03-21 08:31:27,2017-03-21,270,0.00,0.00,0.00,0.00,37.78,67,987.80
2017-03-21 08:31:28,2017-03-21,270,0.00,0.00,0.00,0.00,37.78,67,987.80
2017-03-21 08:31:29,2017-03-21,270,0.00,0.00,0.00,0.00,37.78,67,987.80
2017-03-21 08:31:30,2017-03-21,270,0.00,0.00,0.00,0.00,37.78,67,987.80
2017-03-21 08:31:31,2017-03-21,270,0.00,0.00,0.00,0.00,37.78,67,987.80
2017-03-21 08:31:32,2017-03-21,270,0.00,0.00,0.00,0.00,37.78,67,987.90
2017-03-21 08:31:33,2017-03-21,270,0.00,0.00,0.00,0.00,37.78,67,987.90
2017-03-21 08:31:34,2017-03-21,270,0.00,0.00,0.00,0.00,37.78,67,987.80
2017-03-21 08:31:35,2017-03-21,270,0.00,0.00,0.00,0.00,37.78,67,987.90
2017-03-21 08:31:36,2017-03-21,270,0.00,0.00,0.00,0.00,37.78,67,987.80
2017-03-21 08:31:37,2017-03-21,270,0.00,0.00,0.00,0.00,37.78,67,987.80
2017-03-21 08:31:38,2017-03-21,270,0.00,0.00,0.00,0.00,37.78,67,987.80
2017-03-21 08:31:39,2017-03-21,270,0.00,0.00,0.00,0.00,37.78,67,987.80
2017-03-21 08:31:40,2017-03-21,270,0.00,0.00,0.00,0.00,37.78,67,987.90
2017-03-21 08:31:41,2017-03-21,270,0.00,0.00,0.00,0.00,37.78,67,987.80
2017-03-21 08:31:42,2017-03-21,270,0.00,0.00,0.00,0.00,37.78,67,987.90
2017-03-21 08:31:43,2017-03-21,270,0.00,0.00,0.00,0.00,37.78,67,987.80
2017-03-21 08:31:44,2017-03-21,270,0.00,0.00,0.00,0.00,37.78,67,987.80
2017-03-21 08:31:45,2017-03-21,270,0.00,0.00,0.00,0.00,37.78,67,987.90
2017-03-21 08:31:46,2017-03-21,270,0.00,0.00,0.00,0.00,37.78,67,987.80
2017-03-21 08:31:47,2017-03-21,270,0.00,0.00,0.00,0.00,37.78,67,987.90
2017-03-21 08:31:48,2017-03-21,270,0.00,0.00,0.00,0.00,37.78,67,987.90
2017-03-21 08:31:49,2017-03-21,270,0.00,0.00,0.00,0.00,37.78,67,987.80
2017-03-21 08:31:50,2017-03-21,270,0.00,0.00,0.00,0.00,37.78,67,987.70
2017-03-21 08:31:51,2017-03-21,270,0.00,0.00,0.00,0.00,37.78,67,987.80
2017-03-21 08:31:52,2017-03-21,270,0.00,0.00,0.00,0.00,37.78,67,987.90
2017-03-21 08:31:53,2017-03-21,270,0.00,0.00,0.00,0.00,37.78,67,987.80
2017-03-21 08:31:54,2017-03-21,270,0.00,0.00,0.00,0.00,37.78,67,987.80
2017-03-21 08:31:55,2017-03-21,270,0.00,0.00,0.00,0.00,37.78,67,987.80
2017-03-21 08:31:56,2017-03-21,270,0.00,0.00,0.00,0.00,37.78,67,987.80
2017-03-21 08:31:57,2017-03-21,270,0.00,0.00,0.00,0.00,37.78,67,987.80
2017-03-21 08:31:58,2017-03-21,270,0.00,0.00,0.00,0.00,37.78,67,987.80
2017-03-21 08:31:59,2017-03-21,270,0.00,0.00,0.00,0.00,37.78,67,987.90
2017-03-21 08:32:00,2017-03-21,270,0.00,0.00,0.00,0.00,37.78,67,987.90
2017-03-21 08:32:01,2017-03-21,270,0.00,0.00,0.00,0.00,37.78,67,987.80
2017-03-21 08:32:02,2017-03-21,270,0.00,0.00,0.00,0.00,37.78,67,987.80
2017-03-21 08:32:03,2017-03-21,270,0.00,0.00,0.00,0.00,37.78,67,987.80
2017-03-21 08:32:04,2017-03-21,270,0.00,0.00,0.00,0.00,37.78,67,987.80
2017-03-21 08:32:05,2017-03-21,270,0.00,0.00,0.00,0.00,37.78,67,987.80
2017-03-21 08:32:06,2017-03-21,270,0.00,0.00,0.00,0.00,37.78,67,987.90
2017-03-21 08:32:07,2017-03-21,270,0.00,0.00,0.00,0.00,37.78,67,987.80
2017-03-21 08:32:08,2017-03-21,270,0.00,0.00,0.00,0.00,37.78,67,987.80
2017-03-21 08:32:09,2017-03-21,270,0.00,0.00,0.00,0.00,37.78,67,987.80
2017-03-21 08:32:10,2017-03-21,270,0.00,0.00,0.00,0.00,37.78,66,987.70
2017-03-21 08:32:11,2017-03-21,270,0.00,0.00,0.00,0.00,37.78,66,987.80
2017-03-21 08:32:12,2017-03-21,270,0.00,0.00,0.00,0.00,37.78,66,987.80
2017-03-21 08:32:13,2017-03-21,270,0.00,0.00,0.00,0.00,37.78,66,987.80
2017-03-21 08:32:14,2017-03-21,270,0.00,0.00,0.00,0.00,37.78,66,987.90
2017-03-21 08:32:15,2017-03-21,270,0.00,0.00,0.00,0.00,37.78,66,987.80
2017-03-21 08:32:16,2017-03-21,270,0.00,0.00,0.00,0.00,37.78,66,987.80
2017-03-21 08:32:17,2017-03-21,270,0.00,0.00,0.00,0.00,37.78,66,987.70
2017-03-21 08:32:18,2017-03-21,270,0.00,0.00,0.00,0.00,37.78,66,987.80
2017-03-21 08:32:19,2017-03-21,270,0.00,0.00,0.00,0.00,37.78,66,987.80
2017-03-21 08:32:20,2017-03-21,270,0.00,0.00,0.00,0.00,37.78,66,987.80
2017-03-21 08:32:21,2017-03-21,270,0.00,0.00,0.00,0.00,37.78,66,987.90
2017-03-21 08:32:22,2017-03-21,270,0.00,0.00,0.00,0.00,37.78,66,987.80
2017-03-21 08:32:23,2017-03-21,270,0.00,0.00,0.00,0.00,37.78,66,987.80
2017-03-21 08:32:24,2017-03-21,270,0.00,0.00,0.00,0.00,37.78,66,987.80
2017-03-21 08:32:25,2017-03-21,270,0.00,0.00,0.00,0.00,37.78,66,987.80
2017-03-21 08:32:26,2017-03-21,270,0.00,0.00,0.00,0.00,37.78,66,987.70
2017-03-21 08:32:27,2017-03-21,270,0.00,0.00,0.00,0.00,37.78,66,987.80
2017-03-21 08:32:28,2017-03-21,270,0.00,0.00,0.00,0.00,37.78,66,987.80
2017-03-21 08:32:29,2017-03-21,270,0.00,0.00,0.00,0.00,37.78,66,987.80
2017-03-21 08:32:30,2017-03-21,270,0.00,0.00,0.00,0.00,37.78,66,987.80
2017-03-21 08:32:31,2017-03-21,270,0.00,0.00,0.00,0.00,37.78,66,987.80
2017-03-21 08:32:32,2017-03-21,270,0.00,0.00,0.00,0.00,37.78,66,987.80
2017-03-21 08:32:33,2017-03-21,270,0.00,0.00,0.00,0.00,38.33,66,987.80
2017-03-21 08:32:34,2017-03-21,270,0.00,0.00,0.00,0.00,38.33,66,987.80
2017-03-21 08:32:35,2017-03-21,270,0.00,0.00,0.00,0.00,38.33,66,987.90
2017-03-21 08:32:36,2017-03-21,270,0.00,0.00,0.00,0.00,38.33,66,987.80
2017-03-21 08:32:37,2017-03-21,270,0.00,0.00,0.00,0.00,38.33,66,987.90
2017-03-21 08:32:38,2017-03-21,270,0.00,0.00,0.00,0.00,38.33,66,987.90
2017-03-21 08:32:39,2017-03-21,270,0.00,0.00,0.00,0.00,38.33,66,987.80
2017-03-21 08:32:40,2017-03-21,270,0.00,0.00,0.00,0.00,38.33,66,987.80
2017-03-21 08:32:41,2017-03-21,270,0.00,0.00,0.00,0.00,38.33,66,987.80
2017-03-21 08:32:42,2017-03-21,270,0.00,0.00,0.00,0.00,38.33,66,987.90
2017-03-21 08:32:43,2017-03-21,270,0.00,0.00,0.00,0.00,38.33,66,987.90
2017-03-21 08:32:44,2017-03-21,270,0.00,0.00,0.00,0.00,38.33,66,987.90
2017-03-21 08:32:45,2017-03-21,270,0.00,0.00,0.00,0.00,38.33,66,987.90
2017-03-21 08:32:46,2017-03-21,270,0.00,0.00,0.00,0.00,38.33,66,987.90
2017-03-21 08:32:47,2017-03-21,270,0.00,0.00,0.00,0.00,38.33,66,987.80
2017-03-21 08:32:48,2017-03-21,270,0.00,0.00,0.00,0.00,38.33,66,987.80
2017-03-21 08:32:49,2017-03-21,270,0.00,0.00,0.00,0.00,38.33,66,987.70
2017-03-21 08:32:50,2017-03-21,270,0.00,0.00,0.00,0.00,38.33,66,987.90
2017-03-21 08:32:51,2017-03-21,270,0.00,0.00,0.00,0.00,38.33,66,987.80
2017-03-21 08:32:52,2017-03-21,270,0.00,0.00,0.00,0.00,38.33,66,987.90
2017-03-21 08:32:53,2017-03-21,270,0.00,0.00,0.00,0.00,38.33,66,987.80
2017-03-21 08:32:54,2017-03-21,270,0.00,0.00,0.00,0.00,38.33,66,987.80
2017-03-21 08:32:55,2017-03-21,270,0.00,0.00,0.00,0.00,38.33,66,987.80
2017-03-21 08:32:56,2017-03-21,270,0.00,0.00,0.00,0.00,38.33,66,987.90
2017-03-21 08:32:57,2017-03-21,270,0.00,0.00,0.00,0.00,38.33,66,987.80
2017-03-21 08:32:58,2017-03-21,270,0.00,0.00,0.00,0.00,38.33,66,987.80
2017-03-21 08:32:59,2017-03-21,270,0.00,0.00,0.00,0.00,38.33,66,987.90
2017-03-21 08:33:00,2017-03-21,270,0.00,0.00,0.00,0.00,38.33,66,987.90
2017-03-21 08:33:01,2017-03-21,270,0.00,0.00,0.00,0.00,38.33,66,987.80
2017-03-21 08:33:02,2017-03-21,270,0.00,0.00,0.00,0.00,38.33,66,987.80
2017-03-21 08:33:03,2017-03-21,270,0.00,0.00,0.00,0.00,38.33,66,987.90
2017-03-21 08:33:04,2017-03-21,270,0.00,0.00,0.00,0.00,38.33,66,987.80
2017-03-21 08:33:05,2017-03-21,270,0.00,0.00,0.00,0.00,38.33,66,987.80
2017-03-21 08:33:06,2017-03-21,270,0.00,0.00,0.00,0.00,38.33,66,987.80
2017-03-21 08:33:07,2017-03-21,270,0.00,0.00,0.00,0.00,38.33,66,987.80
2017-03-21 08:33:08,2017-03-21,270,0.00,0.00,0.00,0.00,38.33,66,987.80
2017-03-21 08:33:09,2017-03-21,270,0.00,0.00,0.00,0.00,38.33,66,987.80
2017-03-21 08:33:10,2017-03-21,270,0.00,0.00,0.00,0.00,38.33,66,987.80
2017-03-21 08:33:11,2017-03-21,270,0.00,0.00,0.00,0.00,38.33,66,987.70
2017-03-21 08:33:12,2017-03-21,270,0.00,0.00,0.00,0.00,38.33,66,987.70
2017-03-21 08:33:13,2017-03-21,270,0.00,0.00,0.00,0.00,38.33,66,987.80
2017-03-21 08:33:14,2017-03-21,270,0.00,0.00,0.00,0.00,38.33,66,987.70
2017-03-21 08:33:15,2017-03-21,270,0.00,0.00,0.00,0.00,38.33,66,987.80
2017-03-21 08:33:16,2017-03-21,270,0.00,0.00,0.00,0.00,38.33,66,987.80
2017-03-21 08:33:17,2017-03-21,270,0.00,0.00,0.00,0.00,38.33,66,987.80
2017-03-21 08:33:18,2017-03-21,270,0.00,0.00,0.00,0.00,38.33,66,987.80
2017-03-21 08:33:19,2017-03-21,270,0.00,0.00,0.00,0.00,38.33,66,987.80
2017-03-21 08:33:20,2017-03-21,270,0.00,0.00,0.00,0.00,38.33,66,987.80
2017-03-21 08:33:21,2017-03-21,270,0.00,0.00,0.00,0.00,38.33,66,987.80
2017-03-21 08:33:22,2017-03-21,270,0.00,0.00,0.00,0.00,38.33,66,987.90
2017-03-21 08:33:23,2017-03-21,270,0.00,0.00,0.00,0.00,38.33,66,987.80
2017-03-21 08:33:24,2017-03-21,270,0.00,0.00,0.00,0.00,38.33,66,987.70
2017-03-21 08:33:25,2017-03-21,270,0.00,0.00,0.00,0.00,38.33,66,987.90
2017-03-21 08:33:26,2017-03-21,270,0.00,0.00,0.00,0.00,38.33,66,987.90
2017-03-21 08:33:27,2017-03-21,270,0.00,0.00,0.00,0.00,38.33,66,987.90
2017-03-21 08:33:28,2017-03-21,270,0.00,0.00,0.00,0.00,38.33,66,987.80
2017-03-21 08:33:29,2017-03-21,270,0.00,0.00,0.00,0.00,38.33,66,987.80
2017-03-21 08:33:30,2017-03-21,270,0.00,0.00,0.00,0.00,38.33,66,987.90
2017-03-21 08:33:31,2017-03-21,270,0.00,0.00,0.00,0.00,38.33,66,987.80
2017-03-21 08:33:32,2017-03-21,270,0.00,0.00,0.00,0.00,38.33,66,987.70
2017-03-21 08:33:33,2017-03-21,270,0.00,0.00,0.00,0.00,38.33,66,987.80
2017-03-21 08:33:34,2017-03-21,270,0.00,0.00,0.00,0.00,38.33,66,987.80
2017-03-21 08:33:35,2017-03-21,270,0.00,0.00,0.00,0.00,38.33,66,987.90
2017-03-21 08:33:36,2017-03-21,270,0.00,0.00,0.00,0.00,38.33,66,987.80
2017-03-21 08:33:37,2017-03-21,270,0.00,0.00,0.00,0.00,38.33,66,987.80
2017-03-21 08:33:38,2017-03-21,270,0.00,0.00,0.00,0.00,38.33,66,987.80
2017-03-21 08:33:39,2017-03-21,270,0.00,0.00,0.00,0.00,38.33,66,987.70
2017-03-21 08:33:40,2017-03-21,270,0.00,0.00,0.00,0.00,38.33,66,987.80
2017-03-21 08:33:41,2017-03-21,270,0.00,0.00,0.00,0.00,38.33,66,987.80
2017-03-21 08:33:42,2017-03-21,270,0.00,0.00,0.00,0.00,38.33,66,987.90
2017-03-21 08:33:43,2017-03-21,270,0.00,0.00,0.00,0.00,38.33,66,987.80
2017-03-21 08:33:44,2017-03-21,270,0.00,0.00,0.00,0.00,38.33,66,987.90
2017-03-21 08:33:45,2017-03-21,270,0.00,0.00,0.00,0.00,38.33,66,987.70
2017-03-21 08:33:46,2017-03-21,270,0.00,0.00,0.00,0.00,38.33,66,987.80
2017-03-21 08:33:47,2017-03-21,270,0.00,0.00,0.00,0.00,38.33,66,987.80
2017-03-21 08:33:48,2017-03-21,270,0.00,0.00,0.00,0.00,38.33,66,987.80
2017-03-21 08:33:49,2017-03-21,270,0.00,0.00,0.00,0.00,38.33,66,987.80
2017-03-21 08:33:50,2017-03-21,270,0.00,0.00,0.00,0.00,38.33,66,987.80
2017-03-21 08:33:51,2017-03-21,270,0.00,0.00,0.00,0.00,38.33,66,987.80
2017-03-21 08:33:52,2017-03-21,270,0.00,0.00,0.00,0.00,38.33,66,987.80
2017-03-21 08:33:53,2017-03-21,270,0.00,0.00,0.00,0.00,38.33,66,987.90
2017-03-21 08:33:54,2017-03-21,270,0.00,0.00,0.00,0.00,38.33,66,987.80
2017-03-21 08:33:55,2017-03-21,270,0.00,0.00,0.00,0.00,38.33,66,987.80
2017-03-21 08:33:56,2017-03-21,270,0.00,0.00,0.00,0.00,38.33,66,987.80
2017-03-21 08:33:57,2017-03-21,270,0.00,0.00,0.00,0.00,38.33,66,987.80
2017-03-21 08:33:58,2017-03-21,270,0.00,0.00,0.00,0.00,38.33,66,987.80
2017-03-21 08:33:59,2017-03-21,270,0.00,0.00,0.00,0.00,38.33,66,987.80
2017-03-21 08:34:00,2017-03-21,270,0.00,0.00,0.00,0.00,38.33,66,987.80
2017-03-21 08:34:01,2017-03-21,270,0.00,0.00,0.00,0.00,38.33,66,987.80
2017-03-21 08:34:02,2017-03-21,270,0.00,0.00,0.00,0.00,38.33,66,987.80
2017-03-21 08:34:03,2017-03-21,270,0.00,0.00,0.00,0.00,38.33,66,987.90
2017-03-21 08:34:04,2017-03-21,270,0.00,0.00,0.00,0.00,38.33,66,987.70
2017-03-21 08:34:05,2017-03-21,270,0.00,0.00,0.00,0.00,38.33,66,987.80
2017-03-21 08:34:06,2017-03-21,270,0.00,0.00,0.00,0.00,38.33,66,988.00
2017-03-21 08:34:07,2017-03-21,270,0.00,0.00,0.00,0.00,38.33,66,987.80
2017-03-21 08:34:08,2017-03-21,270,0.00,0.00,0.00,0.00,38.33,66,987.80
2017-03-21 08:34:09,2017-03-21,270,0.00,0.00,0.00,0.00,38.33,66,987.80
2017-03-21 08:34:10,2017-03-21,270,0.00,0.00,0.00,0.00,38.33,66,987.80
2017-03-21 08:34:11,2017-03-21,270,0.00,0.00,0.00,0.00,38.33,66,987.90
2017-03-21 08:34:12,2017-03-21,270,0.00,0.00,0.00,0.00,38.33,66,987.90
2017-03-21 08:34:13,2017-03-21,270,0.00,0.00,0.00,0.00,38.33,66,987.80
2017-03-21 08:34:14,2017-03-21,270,0.00,0.00,0.00,0.00,38.33,66,987.90
2017-03-21 08:34:15,2017-03-21,270,0.00,0.00,0.00,0.00,38.33,66,987.80
2017-03-21 08:34:16,2017-03-21,270,0.00,0.00,0.00,0.00,38.33,66,987.80
2017-03-21 08:34:17,2017-03-21,270,0.00,0.00,0.00,0.00,38.33,66,987.80
2017-03-21 08:34:18,2017-03-21,270,0.00,0.00,0.00,0.00,38.33,66,987.80
2017-03-21 08:34:19,2017-03-21,270,0.00,0.00,0.00,0.00,38.33,66,987.80
2017-03-21 08:34:20,2017-03-21,270,0.00,0.00,0.00,0.00,38.33,66,987.90
2017-03-21 08:34:21,2017-03-21,270,0.00,0.00,0.00,0.00,38.33,66,987.80
2017-03-21 08:34:22,2017-03-21,270,0.00,0.00,0.00,0.00,38.33,66,987.80
2017-03-21 08:34:23,2017-03-21,270,0.00,0.00,0.00,0.00,38.33,66,987.80
2017-03-21 08:34:24,2017-03-21,270,0.00,0.00,0.00,0.00,38.33,66,987.70
2017-03-21 08:34:25,2017-03-21,270,0.00,0.00,0.00,0.00,38.33,66,987.80
2017-03-21 08:34:26,2017-03-21,270,0.00,0.00,0.00,0.00,38.33,66,987.80
2017-03-21 08:34:27,2017-03-21,270,0.00,0.00,0.00,0.00,38.33,66,987.80
2017-03-21 08:34:28,2017-03-21,270,0.00,0.00,0.00,0.00,38.33,66,987.80
2017-03-21 08:34:29,2017-03-21,270,0.00,0.00,0.00,0.00,38.33,66,987.90
2017-03-21 08:34:30,2017-03-21,270,0.00,0.00,0.00,0.00,38.33,66,987.90
2017-03-21 08:34:31,2017-03-21,270,0.00,0.00,0.00,0.00,38.33,66,987.90
2017-03-21 08:34:32,2017-03-21,270,0.00,0.00,0.00,0.00,38.33,65,987.80
2017-03-21 08:34:33,2017-03-21,270,0.00,0.00,0.00,0.00,38.33,65,987.80
2017-03-21 08:34:34,2017-03-21,270,0.00,0.00,0.00,0.00,38.33,65,987.80
2017-03-21 08:34:35,2017-03-21,270,0.00,0.00,0.00,0.00,38.33,65,987.70
2017-03-21 08:34:36,2017-03-21,270,0.00,0.00,0.00,0.00,38.33,65,988.00
2017-03-21 08:34:37,2017-03-21,270,0.00,0.00,0.00,0.00,38.33,65,987.80
2017-03-21 08:34:39,2017-03-21,270,0.00,0.00,0.00,0.00,38.33,65,987.80
2017-03-21 08:34:40,2017-03-21,270,0.00,0.00,0.00,0.00,38.33,65,987.90
2017-03-21 08:34:41,2017-03-21,270,0.00,0.00,0.00,0.00,38.33,65,987.80
2017-03-21 08:34:42,2017-03-21,270,0.00,0.00,0.00,0.00,38.33,65,987.80
2017-03-21 08:34:43,2017-03-21,270,0.00,0.00,0.00,0.00,38.33,65,987.90
2017-03-21 08:34:44,2017-03-21,270,0.00,0.00,0.00,0.00,38.33,65,987.80
2017-03-21 08:34:45,2017-03-21,270,0.00,0.00,0.00,0.00,38.33,65,987.80
2017-03-21 08:34:46,2017-03-21,270,0.00,0.00,0.00,0.00,38.33,65,987.90
2017-03-21 08:34:47,2017-03-21,270,0.00,0.00,0.00,0.00,38.33,65,987.90
2017-03-21 08:34:48,2017-03-21,270,0.00,0.00,0.00,0.00,38.33,65,987.80
2017-03-21 08:34:49,2017-03-21,270,0.00,0.00,0.00,0.00,38.33,65,987.90
2017-03-21 08:34:50,2017-03-21,270,0.00,0.00,0.00,0.00,38.33,65,987.90
2017-03-21 08:34:51,2017-03-21,270,0.00,0.00,0.00,0.00,38.33,65,987.80
2017-03-21 08:34:52,2017-03-21,270,0.00,0.00,0.00,0.00,38.33,65,987.80
2017-03-21 08:34:53,2017-03-21,270,0.00,0.00,0.00,0.00,38.33,65,987.80
2017-03-21 08:34:54,2017-03-21,270,0.00,0.00,0.00,0.00,38.33,65,987.80
2017-03-21 08:34:55,2017-03-21,270,0.00,0.00,0.00,0.00,38.33,65,987.70
2017-03-21 08:34:56,2017-03-21,270,0.00,0.00,0.00,0.00,38.33,65,987.80
2017-03-21 08:34:57,2017-03-21,270,0.00,0.00,0.00,0.00,38.33,65,987.80
2017-03-21 08:34:58,2017-03-21,270,0.00,0.00,0.00,0.00,38.33,65,987.80
2017-03-21 08:34:59,2017-03-21,270,0.00,0.00,0.00,0.00,38.33,65,987.80
2017-03-21 08:35:00,2017-03-21,270,0.00,0.00,0.00,0.00,38.33,65,987.80
2017-03-21 08:35:01,2017-03-21,270,0.00,0.00,0.00,0.00,38.33,65,987.70
2017-03-21 08:35:02,2017-03-21,270,0.00,0.00,0.00,0.00,38.33,65,987.80
2017-03-21 08:35:03,2017-03-21,270,0.00,0.00,0.00,0.00,38.33,65,987.80
2017-03-21 08:35:04,2017-03-21,270,0.00,0.00,0.00,0.00,38.33,65,987.80
2017-03-21 08:35:05,2017-03-21,270,0.00,0.00,0.00,0.00,38.33,65,987.80
2017-03-21 08:35:06,2017-03-21,270,0.00,0.00,0.00,0.00,38.33,65,987.90
2017-03-21 08:35:07,2017-03-21,270,0.00,0.00,0.00,0.00,38.33,65,987.80
2017-03-21 08:35:08,2017-03-21,270,0.00,0.00,0.00,0.00,38.33,65,987.80
2017-03-21 08:35:09,2017-03-21,270,0.00,0.00,0.00,0.00,38.33,65,987.90
2017-03-21 08:35:10,2017-03-21,270,0.00,0.00,0.00,0.00,38.33,65,987.70
2017-03-21 08:35:11,2017-03-21,270,0.00,0.00,0.00,0.00,38.33,65,987.80
2017-03-21 08:35:12,2017-03-21,270,0.00,0.00,0.00,0.00,38.33,65,987.80
2017-03-21 08:35:13,2017-03-21,270,0.00,0.00,0.00,0.00,38.33,65,987.80
2017-03-21 08:35:14,2017-03-21,270,0.00,0.00,0.00,0.00,38.33,65,987.80
2017-03-21 08:35:15,2017-03-21,270,0.00,0.00,0.00,0.00,38.33,65,987.80
2017-03-21 08:35:16,2017-03-21,270,0.00,0.00,0.00,0.00,38.33,65,987.80
2017-03-21 08:35:17,2017-03-21,270,0.00,0.00,0.00,0.00,38.33,65,987.70
2017-03-21 08:35:18,2017-03-21,270,0.00,0.00,0.00,0.00,38.33,65,987.80
2017-03-21 08:35:19,2017-03-21,270,0.00,0.00,0.00,0.00,38.33,65,987.70
2017-03-21 08:35:20,2017-03-21,270,0.00,0.00,0.00,0.00,38.33,65,987.80
2017-03-21 08:35:21,2017-03-21,270,0.00,0.00,0.00,0.00,38.33,65,987.80
2017-03-21 08:35:22,2017-03-21,270,0.00,0.00,0.00,0.00,38.33,65,987.80
2017-03-21 08:35:23,2017-03-21,270,0.00,0.00,0.00,0.00,38.33,65,987.80
2017-03-21 08:35:24,2017-03-21,270,0.00,0.00,0.00,0.00,38.33,65,987.80
2017-03-21 08:35:25,2017-03-21,270,0.00,0.00,0.00,0.00,38.33,65,987.80
2017-03-21 08:35:26,2017-03-21,270,0.00,0.00,0.00,0.00,38.33,65,987.80
2017-03-21 08:35:27,2017-03-21,270,0.00,0.00,0.00,0.00,38.33,65,987.80
2017-03-21 08:35:28,2017-03-21,270,0.00,0.00,0.00,0.00,38.33,65,987.90
2017-03-21 08:35:29,2017-03-21,270,0.00,0.00,0.00,0.00,38.33,65,987.70
2017-03-21 08:35:30,2017-03-21,270,0.00,0.00,0.00,0.00,38.33,65,987.80
2017-03-21 08:35:31,2017-03-21,270,0.00,0.00,0.00,0.00,38.33,65,987.80
2017-03-21 08:35:32,2017-03-21,270,0.00,0.00,0.00,0.00,38.33,65,987.80
2017-03-21 08:35:33,2017-03-21,270,0.00,0.00,0.00,0.00,38.33,65,987.70
2017-03-21 08:35:34,2017-03-21,270,0.00,0.00,0.00,0.00,38.33,65,987.80
2017-03-21 08:35:35,2017-03-21,270,0.00,0.00,0.00,0.00,38.33,65,987.80
2017-03-21 08:35:36,2017-03-21,270,0.00,0.00,0.00,0.00,38.33,65,987.80
2017-03-21 08:35:37,2017-03-21,270,0.00,0.00,0.00,0.00,38.33,65,987.80
2017-03-21 08:35:38,2017-03-21,270,0.00,0.00,0.00,0.00,38.33,65,987.80
2017-03-21 08:35:39,2017-03-21,270,0.00,0.00,0.00,0.00,38.33,65,987.80
2017-03-21 08:35:40,2017-03-21,270,0.00,0.00,0.00,0.00,38.33,65,987.80
2017-03-21 08:35:41,2017-03-21,270,0.00,0.00,0.00,0.00,38.33,65,987.80
2017-03-21 08:35:42,2017-03-21,270,0.00,0.00,0.00,0.00,38.33,65,987.80
2017-03-21 08:35:43,2017-03-21,270,0.00,0.00,0.00,0.00,38.33,65,987.80
2017-03-21 08:35:44,2017-03-21,270,0.00,0.00,0.00,0.00,38.33,65,987.80
2017-03-21 08:35:45,2017-03-21,270,0.00,0.00,0.00,0.00,38.33,65,987.80
2017-03-21 08:35:46,2017-03-21,270,0.00,0.00,0.00,0.00,38.33,65,987.70
2017-03-21 08:35:47,2017-03-21,270,0.00,0.00,0.00,0.00,38.33,65,987.70
2017-03-21 08:35:48,2017-03-21,270,0.00,0.00,0.00,0.00,38.33,65,987.80
2017-03-21 08:35:49,2017-03-21,270,0.00,0.00,0.00,0.00,38.33,65,987.80
2017-03-21 08:35:50,2017-03-21,270,0.00,0.00,0.00,0.00,38.33,65,987.80
2017-03-21 08:35:51,2017-03-21,270,0.00,0.00,0.00,0.00,38.33,65,987.70
2017-03-21 08:35:52,2017-03-21,270,0.00,0.00,0.00,0.00,38.33,65,987.80
2017-03-21 08:35:53,2017-03-21,270,0.00,0.00,0.00,0.00,38.33,65,987.80
2017-03-21 08:35:54,2017-03-21,270,0.00,0.00,0.00,0.00,38.33,65,987.70
2017-03-21 08:35:55,2017-03-21,270,0.00,0.00,0.00,0.00,38.33,65,987.80
2017-03-21 08:35:56,2017-03-21,270,0.00,0.00,0.00,0.00,38.33,65,987.80
2017-03-21 08:35:57,2017-03-21,270,0.00,0.00,0.00,0.00,38.33,65,987.70
2017-03-21 08:35:58,2017-03-21,270,0.00,0.00,0.00,0.00,38.33,65,987.70
2017-03-21 08:35:59,2017-03-21,270,0.00,0.00,0.00,0.00,38.33,65,987.80
2017-03-21 08:36:00,2017-03-21,270,0.00,0.00,0.00,0.00,38.33,65,987.70
2017-03-21 08:36:01,2017-03-21,270,0.00,0.00,0.00,0.00,38.33,65,987.70
2017-03-21 08:36:02,2017-03-21,270,0.00,0.00,0.00,0.00,38.33,65,987.70
2017-03-21 08:36:03,2017-03-21,270,0.00,0.00,0.00,0.00,38.33,65,987.70
2017-03-21 08:36:04,2017-03-21,270,0.00,0.00,0.00,0.00,38.33,65,987.80
2017-03-21 08:36:05,2017-03-21,270,0.00,0.00,0.00,0.00,38.33,65,987.70
2017-03-21 08:36:06,2017-03-21,270,0.00,0.00,0.00,0.00,38.33,65,987.80
2017-03-21 08:36:07,2017-03-21,270,0.00,0.00,0.00,0.00,38.33,65,987.90
2017-03-21 08:36:08,2017-03-21,270,0.00,0.00,0.00,0.00,38.89,65,987.80
2017-03-21 08:36:09,2017-03-21,270,0.00,0.00,0.00,0.00,38.89,65,987.80
2017-03-21 08:36:10,2017-03-21,270,0.00,0.00,0.00,0.00,38.89,65,987.80
2017-03-21 08:36:11,2017-03-21,270,0.00,0.00,0.00,0.00,38.89,65,987.70
2017-03-21 08:36:12,2017-03-21,270,0.00,0.00,0.00,0.00,38.89,65,987.70
2017-03-21 08:36:13,2017-03-21,270,0.00,0.00,0.00,0.00,38.89,65,987.80
2017-03-21 08:36:14,2017-03-21,270,0.00,0.00,0.00,0.00,38.89,65,987.70
2017-03-21 08:36:15,2017-03-21,270,0.00,0.00,0.00,0.00,38.89,65,987.80
2017-03-21 08:36:16,2017-03-21,270,0.00,0.00,0.00,0.00,38.89,65,987.70
2017-03-21 08:36:17,2017-03-21,270,0.00,0.00,0.00,0.00,38.89,65,987.80
2017-03-21 08:36:18,2017-03-21,270,0.00,0.00,0.00,0.00,38.89,65,987.70
2017-03-21 08:36:19,2017-03-21,270,0.00,0.00,0.00,0.00,38.89,65,987.80
2017-03-21 08:36:20,2017-03-21,270,0.00,0.00,0.00,0.00,38.89,65,987.70
2017-03-21 08:36:21,2017-03-21,270,0.00,0.00,0.00,0.00,38.89,65,987.70
2017-03-21 08:36:22,2017-03-21,270,0.00,0.00,0.00,0.00,38.89,65,987.80
2017-03-21 08:36:23,2017-03-21,270,0.00,0.00,0.00,0.00,38.89,65,987.80
2017-03-21 08:36:24,2017-03-21,270,0.00,0.00,0.00,0.00,38.89,65,987.70
2017-03-21 08:36:25,2017-03-21,270,0.00,0.00,0.00,0.00,38.89,65,987.70
2017-03-21 08:36:26,2017-03-21,270,0.00,0.00,0.00,0.00,38.89,65,987.80
2017-03-21 08:36:27,2017-03-21,270,0.00,0.00,0.00,0.00,38.89,65,987.80
2017-03-21 08:36:28,2017-03-21,270,0.00,0.00,0.00,0.00,38.89,65,987.70
2017-03-21 08:36:29,2017-03-21,270,0.00,0.00,0.00,0.00,38.89,65,987.70
2017-03-21 08:36:30,2017-03-21,270,0.00,0.00,0.00,0.00,38.89,65,987.70
2017-03-21 08:36:31,2017-03-21,270,0.00,0.00,0.00,0.00,38.89,65,987.70
2017-03-21 08:36:32,2017-03-21,270,0.00,0.00,0.00,0.00,38.89,65,987.80
2017-03-21 08:36:33,2017-03-21,270,0.00,0.00,0.00,0.00,38.89,65,987.80
2017-03-21 08:36:34,2017-03-21,270,0.00,0.00,0.00,0.00,38.89,65,987.70
2017-03-21 08:36:35,2017-03-21,270,0.00,0.00,0.00,0.00,38.89,65,987.80
2017-03-21 08:36:36,2017-03-21,270,0.00,0.00,0.00,0.00,38.89,65,987.80
2017-03-21 08:36:37,2017-03-21,270,0.00,0.00,0.00,0.00,38.89,65,987.70
2017-03-21 08:36:38,2017-03-21,270,0.00,0.00,0.00,0.00,38.89,65,987.70
2017-03-21 08:36:39,2017-03-21,270,0.00,0.00,0.00,0.00,38.89,65,987.60
2017-03-21 08:36:40,2017-03-21,270,0.00,0.00,0.00,0.00,38.89,65,987.70
2017-03-21 08:36:41,2017-03-21,270,0.00,0.00,0.00,0.00,38.89,65,987.70
2017-03-21 08:36:42,2017-03-21,270,0.00,0.00,0.00,0.00,38.89,65,987.70
2017-03-21 08:36:43,2017-03-21,270,0.00,0.00,0.00,0.00,38.89,65,987.70
2017-03-21 08:36:44,2017-03-21,270,0.00,0.00,0.00,0.00,38.89,65,987.80
2017-03-21 08:36:45,2017-03-21,270,0.00,0.00,0.00,0.00,38.89,65,987.60
2017-03-21 08:36:46,2017-03-21,270,0.00,0.00,0.00,0.00,38.89,65,987.80
2017-03-21 08:36:47,2017-03-21,270,0.00,0.00,0.00,0.00,38.89,65,987.80
2017-03-21 08:36:48,2017-03-21,270,0.00,0.00,0.00,0.00,38.89,65,987.80
2017-03-21 08:36:49,2017-03-21,270,0.00,0.00,0.00,0.00,38.89,65,987.70
2017-03-21 08:36:50,2017-03-21,270,0.00,0.00,0.00,0.00,38.89,65,987.80
2017-03-21 08:36:51,2017-03-21,270,0.00,0.00,0.00,0.00,38.89,65,987.80
2017-03-21 08:36:52,2017-03-21,270,0.00,0.00,0.00,0.00,38.89,65,987.90
2017-03-21 08:36:53,2017-03-21,270,0.00,0.00,0.00,0.00,38.89,65,987.70
2017-03-21 08:36:54,2017-03-21,270,0.00,0.00,0.00,0.00,38.89,65,987.80
2017-03-21 08:36:55,2017-03-21,270,0.00,0.00,0.00,0.00,38.89,64,987.80
2017-03-21 08:36:56,2017-03-21,270,0.00,0.00,0.00,0.00,38.89,64,987.80
2017-03-21 08:36:57,2017-03-21,270,0.00,0.00,0.00,0.00,38.89,64,987.80
2017-03-21 08:36:58,2017-03-21,270,0.00,0.00,0.00,0.00,38.89,64,987.90
2017-03-21 08:36:59,2017-03-21,270,0.00,0.00,0.00,0.00,38.89,64,987.80
2017-03-21 08:37:00,2017-03-21,270,0.00,0.00,0.00,0.00,38.89,64,987.80
2017-03-21 08:37:01,2017-03-21,270,0.00,0.00,0.00,0.00,38.89,64,987.80
2017-03-21 08:37:02,2017-03-21,270,0.00,0.00,0.00,0.00,38.89,64,987.80
2017-03-21 08:37:03,2017-03-21,270,0.00,0.00,0.00,0.00,38.89,64,987.80
2017-03-21 08:37:04,2017-03-21,270,0.00,0.00,0.00,0.00,38.89,64,987.70
2017-03-21 08:37:05,2017-03-21,270,0.00,0.00,0.00,0.00,38.89,64,987.80
2017-03-21 08:37:06,2017-03-21,270,0.00,0.00,0.00,0.00,38.89,64,987.90
2017-03-21 08:37:07,2017-03-21,270,0.00,0.00,0.00,0.00,38.89,64,987.80
2017-03-21 08:37:08,2017-03-21,270,0.00,0.00,0.00,0.00,38.89,64,987.80
2017-03-21 08:37:09,2017-03-21,270,0.00,0.00,0.00,0.00,38.89,64,987.90
2017-03-21 08:37:10,2017-03-21,270,0.00,0.00,0.00,0.00,38.89,64,987.80
2017-03-21 08:37:11,2017-03-21,270,0.00,0.00,0.00,0.00,38.89,64,987.90
2017-03-21 08:37:12,2017-03-21,270,0.00,0.00,0.00,0.00,38.89,64,987.80
2017-03-21 08:37:13,2017-03-21,270,0.00,0.00,0.00,0.00,38.89,64,987.80
2017-03-21 08:37:14,2017-03-21,270,0.00,0.00,0.00,0.00,38.89,64,987.80
2017-03-21 08:37:15,2017-03-21,270,0.00,0.00,0.00,0.00,38.89,64,987.90
2017-03-21 08:37:16,2017-03-21,270,0.00,0.00,0.00,0.00,38.89,64,987.80
2017-03-21 08:37:17,2017-03-21,270,0.00,0.00,0.00,0.00,38.89,64,987.70
2017-03-21 08:37:18,2017-03-21,270,0.00,0.00,0.00,0.00,38.89,64,987.90
2017-03-21 08:37:19,2017-03-21,270,0.00,0.00,0.00,0.00,38.89,64,987.80
2017-03-21 08:37:20,2017-03-21,270,0.00,0.00,0.00,0.00,38.89,64,987.80
2017-03-21 08:37:21,2017-03-21,270,0.00,0.00,0.00,0.00,38.89,64,987.80
2017-03-21 08:37:22,2017-03-21,270,0.00,0.00,0.00,0.00,38.89,64,987.90
2017-03-21 08:37:23,2017-03-21,270,0.00,0.00,0.00,0.00,38.89,64,987.80
2017-03-21 08:37:24,2017-03-21,270,0.00,0.00,0.00,0.00,38.89,64,987.80
2017-03-21 08:37:25,2017-03-21,270,0.00,0.00,0.00,0.00,38.89,64,987.80
2017-03-21 08:37:26,2017-03-21,270,0.00,0.00,0.00,0.00,38.89,64,987.80
2017-03-21 08:37:27,2017-03-21,270,0.00,0.00,0.00,0.00,38.89,64,987.80
2017-03-21 08:37:28,2017-03-21,270,0.00,0.00,0.00,0.00,38.89,64,987.80
2017-03-21 08:37:29,2017-03-21,270,0.00,0.00,0.00,0.00,38.89,64,987.80
2017-03-21 08:37:30,2017-03-21,270,0.00,0.00,0.00,0.00,38.89,64,987.80
2017-03-21 08:37:31,2017-03-21,270,0.00,0.00,0.00,0.00,38.89,64,987.80
2017-03-21 08:37:32,2017-03-21,270,0.00,0.00,0.00,0.00,38.89,64,987.80
2017-03-21 08:37:33,2017-03-21,270,0.00,0.00,0.00,0.00,38.89,64,987.70
2017-03-21 08:37:34,2017-03-21,270,0.00,0.00,0.00,0.00,38.89,64,987.80
2017-03-21 08:37:35,2017-03-21,270,0.00,0.00,0.00,0.00,38.89,64,987.80
2017-03-21 08:37:36,2017-03-21,270,0.00,0.00,0.00,0.00,38.89,64,987.80
2017-03-21 08:37:37,2017-03-21,270,0.00,0.00,0.00,0.00,38.89,64,987.90
2017-03-21 08:37:38,2017-03-21,270,0.00,0.00,0.00,0.00,38.89,64,987.90
2017-03-21 08:37:39,2017-03-21,270,0.00,0.00,0.00,0.00,38.89,64,987.90
2017-03-21 08:37:40,2017-03-21,270,0.00,0.00,0.00,0.00,38.89,64,987.90
2017-03-21 08:37:41,2017-03-21,270,0.00,0.00,0.00,0.00,38.89,64,987.80
2017-03-21 08:37:42,2017-03-21,270,0.00,0.00,0.00,0.00,38.89,64,987.80
2017-03-21 08:37:43,2017-03-21,270,0.00,0.00,0.00,0.00,38.89,64,987.90
2017-03-21 08:37:44,2017-03-21,270,0.00,0.00,0.00,0.00,38.89,64,987.90
2017-03-21 08:37:45,2017-03-21,270,0.00,0.00,0.00,0.00,38.89,64,987.90
2017-03-21 08:37:46,2017-03-21,270,0.00,0.00,0.00,0.00,38.89,64,987.80
2017-03-21 08:37:47,2017-03-21,270,0.00,0.00,0.00,0.00,38.89,64,987.90
2017-03-21 08:37:48,2017-03-21,270,0.00,0.00,0.00,0.00,38.89,64,987.70
2017-03-21 08:37:49,2017-03-21,270,0.00,0.00,0.00,0.00,38.89,64,987.80
2017-03-21 08:37:50,2017-03-21,270,0.00,0.00,0.00,0.00,38.89,64,987.80
2017-03-21 08:37:51,2017-03-21,270,0.00,0.00,0.00,0.00,38.89,64,987.80
2017-03-21 08:37:52,2017-03-21,270,0.00,0.00,0.00,0.00,38.89,64,987.80
2017-03-21 08:37:53,2017-03-21,270,0.00,0.00,0.00,0.00,38.89,64,987.80
2017-03-21 08:37:54,2017-03-21,270,0.00,0.00,0.00,0.00,38.89,64,987.70
2017-03-21 08:37:55,2017-03-21,270,0.00,0.00,0.00,0.00,38.89,64,987.80
2017-03-21 08:37:56,2017-03-21,270,0.00,0.00,0.00,0.00,38.89,64,987.90
2017-03-21 08:37:57,2017-03-21,270,0.00,0.00,0.00,0.00,38.89,64,987.90
2017-03-21 08:37:58,2017-03-21,270,0.00,0.00,0.00,0.00,38.89,64,987.90
2017-03-21 08:37:59,2017-03-21,270,0.00,0.00,0.00,0.00,38.89,64,987.90
2017-03-21 08:38:00,2017-03-21,270,0.00,0.00,0.00,0.00,38.89,64,987.80
2017-03-21 08:38:01,2017-03-21,270,0.00,0.00,0.00,0.00,38.89,64,987.90
2017-03-21 08:38:02,2017-03-21,270,0.00,0.00,0.00,0.00,38.89,64,987.80
2017-03-21 08:38:03,2017-03-21,270,0.00,0.00,0.00,0.00,38.89,64,987.90
2017-03-21 08:38:04,2017-03-21,270,0.00,0.00,0.00,0.00,38.89,64,987.90
2017-03-21 08:38:05,2017-03-21,270,0.00,0.00,0.00,0.00,38.89,64,987.90
2017-03-21 08:38:06,2017-03-21,270,0.00,0.00,0.00,0.00,38.89,64,987.80
2017-03-21 08:38:07,2017-03-21,270,0.00,0.00,0.00,0.00,38.89,64,987.90
2017-03-21 08:38:08,2017-03-21,270,0.00,0.00,0.00,0.00,38.89,64,987.80
2017-03-21 08:38:09,2017-03-21,270,0.00,0.00,0.00,0.00,38.89,64,987.80
2017-03-21 08:38:10,2017-03-21,270,0.00,0.00,0.00,0.00,38.89,64,987.80
2017-03-21 08:38:11,2017-03-21,270,0.00,0.00,0.00,0.00,38.89,64,987.80
2017-03-21 08:38:12,2017-03-21,270,0.00,0.00,0.00,0.00,38.89,64,987.90
2017-03-21 08:38:13,2017-03-21,270,0.00,0.00,0.00,0.00,38.89,64,987.80
2017-03-21 08:38:14,2017-03-21,270,0.00,0.00,0.00,0.00,38.89,64,987.80
2017-03-21 08:38:15,2017-03-21,270,0.00,0.00,0.00,0.00,38.89,64,987.80
2017-03-21 08:38:16,2017-03-21,270,0.00,0.00,0.00,0.00,38.89,64,987.80
2017-03-21 08:38:17,2017-03-21,270,0.00,0.00,0.00,0.00,38.89,64,987.90
2017-03-21 08:38:18,2017-03-21,270,0.00,0.00,0.00,0.00,38.89,64,987.80
2017-03-21 08:38:19,2017-03-21,270,0.00,0.00,0.00,0.00,38.89,64,987.90
2017-03-21 08:38:20,2017-03-21,270,0.00,0.00,0.00,0.00,38.89,64,987.90
2017-03-21 08:38:21,2017-03-21,270,0.00,0.00,0.00,0.00,38.89,64,987.80
2017-03-21 08:38:22,2017-03-21,270,0.00,0.00,0.00,0.00,38.89,64,987.80
2017-03-21 08:38:23,2017-03-21,270,0.00,0.00,0.00,0.00,38.89,64,987.80
2017-03-21 08:38:24,2017-03-21,270,0.00,0.00,0.00,0.00,38.89,64,987.70
2017-03-21 08:38:25,2017-03-21,270,0.00,0.00,0.00,0.00,38.89,64,987.80
2017-03-21 08:38:26,2017-03-21,270,0.00,0.00,0.00,0.00,38.89,64,987.70
2017-03-21 08:38:27,2017-03-21,270,0.00,0.00,0.00,0.00,38.89,64,987.70
2017-03-21 08:38:28,2017-03-21,270,0.00,0.00,0.00,0.00,38.89,64,987.80
2017-03-21 08:38:29,2017-03-21,270,0.00,0.00,0.00,0.00,38.89,64,987.80
2017-03-21 08:38:30,2017-03-21,270,0.00,0.00,0.00,0.00,38.89,64,987.80
2017-03-21 08:38:31,2017-03-21,270,0.00,0.00,0.00,0.00,38.89,64,987.80
2017-03-21 08:38:32,2017-03-21,270,0.00,0.00,0.00,0.00,38.89,64,987.90
2017-03-21 08:38:33,2017-03-21,270,0.00,0.00,0.00,0.00,38.89,64,987.90
2017-03-21 08:38:34,2017-03-21,270,0.00,0.00,0.00,0.00,38.89,64,988.00
2017-03-21 08:38:35,2017-03-21,270,0.00,0.00,0.00,0.00,38.89,64,987.80
2017-03-21 08:38:36,2017-03-21,270,0.00,0.00,0.00,0.00,38.89,64,987.80
2017-03-21 08:38:37,2017-03-21,270,0.00,0.00,0.00,0.00,38.89,64,987.80
2017-03-21 08:38:38,2017-03-21,270,0.00,0.00,0.00,0.00,38.89,64,987.90
2017-03-21 08:38:39,2017-03-21,270,0.00,0.00,0.00,0.00,38.89,64,987.90
2017-03-21 08:38:40,2017-03-21,270,0.00,0.00,0.00,0.00,38.89,64,987.80
2017-03-21 08:38:41,2017-03-21,270,0.00,0.00,0.00,0.00,38.89,64,987.80
2017-03-21 08:38:42,2017-03-21,270,0.00,0.00,0.00,0.00,38.89,64,987.80
2017-03-21 08:38:43,2017-03-21,270,0.00,0.00,0.00,0.00,38.89,64,987.80
2017-03-21 08:38:44,2017-03-21,270,0.00,0.00,0.00,0.00,38.89,64,987.90
2017-03-21 08:38:45,2017-03-21,270,0.00,0.00,0.00,0.00,38.89,64,987.80
2017-03-21 08:38:46,2017-03-21,270,0.00,0.00,0.00,0.00,38.89,64,987.90
2017-03-21 08:38:47,2017-03-21,270,0.00,0.00,0.00,0.00,38.89,64,987.80
2017-03-21 08:38:48,2017-03-21,270,0.00,0.00,0.00,0.00,38.89,64,987.80
2017-03-21 08:38:49,2017-03-21,270,0.00,0.00,0.00,0.00,38.89,64,987.90
2017-03-21 08:38:50,2017-03-21,270,0.00,0.00,0.00,0.00,38.89,64,987.80
2017-03-21 08:38:51,2017-03-21,270,0.00,0.00,0.00,0.00,38.89,64,987.80
2017-03-21 08:38:52,2017-03-21,270,0.00,0.00,0.00,0.00,38.89,64,987.90
2017-03-21 08:38:54,2017-03-21,270,0.00,0.00,0.00,0.00,38.89,64,987.80
2017-03-21 08:38:55,2017-03-21,270,0.00,0.00,0.00,0.00,38.89,64,987.80
2017-03-21 08:38:56,2017-03-21,270,0.00,0.00,0.00,0.00,38.89,64,987.80
2017-03-21 08:38:57,2017-03-21,270,0.00,0.00,0.00,0.00,38.89,64,987.80
2017-03-21 08:38:58,2017-03-21,270,0.00,0.00,0.00,0.00,38.89,64,987.70
2017-03-21 08:38:59,2017-03-21,270,0.00,0.00,0.00,0.00,38.89,64,987.80
2017-03-21 08:39:00,2017-03-21,270,0.00,0.00,0.00,0.00,38.89,64,987.80
2017-03-21 08:39:01,2017-03-21,270,0.00,0.00,0.00,0.00,38.89,64,987.80
2017-03-21 08:39:02,2017-03-21,270,0.00,0.00,0.00,0.00,38.89,64,987.70
2017-03-21 08:39:03,2017-03-21,270,0.00,0.00,0.00,0.00,38.89,64,987.80
2017-03-21 08:39:04,2017-03-21,270,0.00,0.00,0.00,0.00,38.89,64,987.80
2017-03-21 08:39:05,2017-03-21,270,0.00,0.00,0.00,0.00,38.89,64,987.70
2017-03-21 08:39:06,2017-03-21,270,0.00,0.00,0.00,0.00,38.89,64,987.80
2017-03-21 08:39:07,2017-03-21,270,0.00,0.00,0.00,0.00,38.89,64,987.90
2017-03-21 08:39:08,2017-03-21,270,0.00,0.00,0.00,0.00,38.89,64,987.80
2017-03-21 08:39:09,2017-03-21,270,0.00,0.00,0.00,0.00,38.89,64,987.80
2017-03-21 08:39:10,2017-03-21,270,0.00,0.00,0.00,0.00,38.89,64,987.80
2017-03-21 08:39:11,2017-03-21,270,0.00,0.00,0.00,0.00,38.89,64,987.80
2017-03-21 08:39:12,2017-03-21,270,0.00,0.00,0.00,0.00,38.89,64,987.80
2017-03-21 08:39:13,2017-03-21,270,0.00,0.00,0.00,0.00,38.89,64,987.80
2017-03-21 08:39:14,2017-03-21,270,0.00,0.00,0.00,0.00,38.89,64,987.70
2017-03-21 08:39:15,2017-03-21,270,0.00,0.00,0.00,0.00,38.89,64,987.80
2017-03-21 08:39:16,2017-03-21,270,0.00,0.00,0.00,0.00,38.89,64,987.70
2017-03-21 08:39:17,2017-03-21,270,0.00,0.00,0.00,0.00,38.89,64,987.70
2017-03-21 08:39:18,2017-03-21,270,0.00,0.00,0.00,0.00,38.89,64,987.70
2017-03-21 08:39:19,2017-03-21,270,0.00,0.00,0.00,0.00,38.89,64,987.70
2017-03-21 08:39:20,2017-03-21,270,0.00,0.00,0.00,0.00,38.89,64,987.80
2017-03-21 08:39:21,2017-03-21,270,0.00,0.00,0.00,0.00,38.89,64,987.80
2017-03-21 08:39:22,2017-03-21,270,0.00,0.00,0.00,0.00,38.89,64,987.80
2017-03-21 08:39:23,2017-03-21,270,0.00,0.00,0.00,0.00,38.89,64,988.00
2017-03-21 08:39:24,2017-03-21,270,0.00,0.00,0.00,0.00,38.89,64,988.00
2017-03-21 08:39:25,2017-03-21,270,0.00,0.00,0.00,0.00,38.89,64,988.10
2017-03-21 08:39:26,2017-03-21,270,0.00,0.00,0.00,0.00,38.89,64,988.10
2017-03-21 08:39:27,2017-03-21,270,0.00,0.00,0.00,0.00,38.89,64,988.20
2017-03-21 08:39:28,2017-03-21,270,0.00,0.00,0.00,0.00,38.89,64,988.20
2017-03-21 08:39:29,2017-03-21,270,0.00,0.00,0.00,0.00,38.89,64,988.20
2017-03-21 08:39:30,2017-03-21,270,0.00,0.00,0.00,0.00,38.89,64,986.80
2017-03-21 08:39:31,2017-03-21,270,0.00,0.00,0.00,0.00,38.89,64,985.60
2017-03-21 08:39:32,2017-03-21,270,0.00,0.00,0.00,0.00,38.89,64,985.60
2017-03-21 08:39:33,2017-03-21,270,0.00,0.00,0.00,0.00,38.89,64,985.70
2017-03-21 08:39:34,2017-03-21,270,0.00,0.00,0.00,0.00,38.89,64,985.50
2017-03-21 08:39:35,2017-03-21,270,0.00,0.00,0.00,0.00,38.89,64,985.60
2017-03-21 08:39:36,2017-03-21,270,0.00,0.00,0.00,0.00,38.89,64,985.90
2017-03-21 08:39:37,2017-03-21,270,0.00,0.00,0.00,0.00,38.89,64,988.00
2017-03-21 08:39:38,2017-03-21,270,0.00,0.00,0.00,0.00,38.89,64,988.00
2017-03-21 08:39:39,2017-03-21,270,0.00,0.00,0.00,0.00,38.89,64,988.10
2017-03-21 08:39:40,2017-03-21,270,0.00,0.00,0.00,0.00,38.89,64,988.10
2017-03-21 08:39:41,2017-03-21,270,0.00,0.00,0.00,0.00,38.89,64,988.00
2017-03-21 08:39:42,2017-03-21,270,0.00,0.00,0.00,0.00,38.89,64,988.20
2017-03-21 08:39:43,2017-03-21,270,0.00,0.00,0.00,0.00,38.89,64,988.20
2017-03-21 08:39:44,2017-03-21,270,0.00,0.00,0.00,0.00,38.89,64,988.20
2017-03-21 08:39:45,2017-03-21,270,0.00,0.00,0.00,0.00,38.89,64,988.20
2017-03-21 08:39:46,2017-03-21,270,0.00,0.00,0.00,0.00,38.89,64,988.10
2017-03-21 08:39:47,2017-03-21,270,0.00,0.00,0.00,0.00,38.89,64,988.20
2017-03-21 08:39:48,2017-03-21,270,0.00,0.00,0.00,0.00,38.89,64,988.20
2017-03-21 08:39:49,2017-03-21,270,0.00,0.00,0.00,0.00,38.89,64,988.00
2017-03-21 08:39:50,2017-03-21,270,0.00,0.00,0.00,0.00,38.89,64,988.90
2017-03-21 08:39:51,2017-03-21,270,0.00,0.00,0.00,0.00,38.89,64,985.30
2017-03-21 08:39:52,2017-03-21,270,0.00,0.00,0.00,0.00,38.89,64,985.40
2017-03-21 08:39:53,2017-03-21,270,0.00,0.00,0.00,0.00,38.89,64,984.60
2017-03-21 08:39:54,2017-03-21,270,0.00,0.00,0.00,0.00,38.89,64,984.30
2017-03-21 08:39:55,2017-03-21,270,0.00,0.00,0.00,0.00,38.89,64,984.10
2017-03-21 08:39:56,2017-03-21,270,0.00,0.00,0.00,0.00,38.89,64,984.30
2017-03-21 08:39:57,2017-03-21,270,0.00,0.00,0.00,0.00,38.89,64,984.10
2017-03-21 08:39:58,2017-03-21,270,0.00,0.00,0.00,0.00,38.89,64,984.40
2017-03-21 08:39:59,2017-03-21,270,0.00,0.00,0.00,0.00,38.89,64,984.60
2017-03-21 08:40:00,2017-03-21,270,0.00,0.00,0.00,0.00,38.89,64,984.40
2017-03-21 08:40:01,2017-03-21,270,0.00,0.00,0.00,0.00,38.89,64,984.40
2017-03-21 08:40:02,2017-03-21,270,0.00,0.00,0.00,0.00,38.89,64,984.50
2017-03-21 08:40:03,2017-03-21,270,0.00,0.00,0.00,0.00,38.89,64,984.30
2017-03-21 08:40:04,2017-03-21,270,0.00,0.00,0.00,0.00,38.89,64,984.40
2017-03-21 08:40:05,2017-03-21,270,0.00,0.00,0.00,0.00,38.89,64,984.40
2017-03-21 08:40:06,2017-03-21,270,0.00,0.00,0.00,0.00,38.89,64,984.50
2017-03-21 08:40:07,2017-03-21,270,0.00,0.00,0.00,0.00,38.89,64,984.50
2017-03-21 08:40:08,2017-03-21,270,0.00,0.00,0.00,0.00,38.89,64,984.40
2017-03-21 08:40:09,2017-03-21,270,0.00,0.00,0.00,0.00,38.89,64,987.10
2017-03-21 08:40:10,2017-03-21,270,0.00,0.00,0.00,0.00,38.89,64,984.10
2017-03-21 08:40:11,2017-03-21,270,0.00,0.00,0.00,0.00,38.89,64,984.20
2017-03-21 08:40:12,2017-03-21,270,0.00,0.00,0.00,0.00,38.89,64,984.30
2017-03-21 08:40:13,2017-03-21,270,0.00,0.00,0.00,0.00,38.89,64,984.30
2017-03-21 08:40:14,2017-03-21,270,0.00,0.00,0.00,0.00,38.89,64,984.40
2017-03-21 08:40:15,2017-03-21,270,0.00,0.00,0.00,0.00,38.89,64,985.80
2017-03-21 08:40:16,2017-03-21,270,0.00,0.00,0.00,0.00,38.89,64,988.00
2017-03-21 08:40:17,2017-03-21,270,0.00,0.00,0.00,0.00,38.89,64,988.00
2017-03-21 08:40:18,2017-03-21,270,0.00,0.00,0.00,0.00,38.89,64,988.00
2017-03-21 08:40:19,2017-03-21,270,0.00,0.00,0.00,0.00,38.89,64,988.10
2017-03-21 08:40:20,2017-03-21,270,0.00,0.00,0.00,0.00,38.89,64,988.00
2017-03-21 08:40:21,2017-03-21,270,0.00,0.00,0.00,0.00,38.89,64,988.00
2017-03-21 08:40:22,2017-03-21,270,0.00,0.00,0.00,0.00,38.89,64,988.10
2017-03-21 08:40:23,2017-03-21,270,0.00,0.00,0.00,0.00,38.89,64,988.10
2017-03-21 08:40:24,2017-03-21,270,0.00,0.00,0.00,0.00,38.89,64,988.20
2017-03-21 08:40:25,2017-03-21,270,0.00,0.00,0.00,0.00,38.89,64,988.20
2017-03-21 08:40:26,2017-03-21,270,0.00,0.00,0.00,0.00,38.89,64,988.10
2017-03-21 08:40:27,2017-03-21,270,0.00,0.00,0.00,0.00,38.89,64,988.20
2017-03-21 08:40:28,2017-03-21,270,0.00,0.00,0.00,0.00,38.89,64,988.20
2017-03-21 08:40:29,2017-03-21,270,0.00,0.00,0.00,0.00,38.89,64,988.20
2017-03-21 08:40:30,2017-03-21,270,0.00,0.00,0.00,0.00,38.89,64,988.10
2017-03-21 08:40:31,2017-03-21,270,0.00,0.00,0.00,0.00,38.89,64,988.10
2017-03-21 08:40:32,2017-03-21,270,0.00,0.00,0.00,0.00,38.89,64,988.30
2017-03-21 08:40:33,2017-03-21,270,0.00,0.00,0.00,0.00,38.89,64,988.20
2017-03-21 08:40:34,2017-03-21,270,0.00,0.00,0.00,0.00,38.89,64,988.10
2017-03-21 08:40:35,2017-03-21,270,0.00,0.00,0.00,0.00,38.89,64,988.10
2017-03-21 08:40:36,2017-03-21,270,0.00,0.00,0.00,0.00,38.89,64,988.10
2017-03-21 08:40:37,2017-03-21,270,0.00,0.00,0.00,0.00,38.89,64,988.10
2017-03-21 08:40:38,2017-03-21,270,0.00,0.00,0.00,0.00,38.89,64,988.00
2017-03-21 08:40:39,2017-03-21,270,0.00,0.00,0.00,0.00,38.89,64,988.10
2017-03-21 08:40:40,2017-03-21,270,0.00,0.00,0.00,0.00,38.89,64,988.10
2017-03-21 08:40:41,2017-03-21,270,0.00,0.00,0.00,0.00,38.89,64,988.00
2017-03-21 08:40:42,2017-03-21,270,0.00,0.00,0.00,0.00,38.89,64,988.40
2017-03-21 08:40:43,2017-03-21,270,0.00,0.00,0.00,0.00,38.89,64,988.40
2017-03-21 08:40:44,2017-03-21,270,0.00,0.00,0.00,0.00,38.89,64,988.40
2017-03-21 08:40:45,2017-03-21,270,0.00,0.00,0.00,0.00,38.89,64,988.40
2017-03-21 08:40:46,2017-03-21,270,0.00,0.00,0.00,0.00,38.89,64,988.40
2017-03-21 08:40:47,2017-03-21,270,0.00,0.00,0.00,0.00,38.89,64,988.40
2017-03-21 08:40:48,2017-03-21,270,0.00,0.00,0.00,0.00,38.89,64,988.40
2017-03-21 08:40:49,2017-03-21,270,0.00,0.00,0.00,0.00,38.89,64,988.20
2017-03-21 08:40:50,2017-03-21,270,0.00,0.00,0.00,0.00,38.89,64,988.20
2017-03-21 08:40:51,2017-03-21,270,0.00,0.00,0.00,0.00,38.89,64,988.20
2017-03-21 08:40:52,2017-03-21,270,0.00,0.00,0.00,0.00,38.89,64,988.20
2017-03-21 08:40:53,2017-03-21,270,0.00,0.00,0.00,0.00,38.89,64,988.10
2017-03-21 08:40:54,2017-03-21,270,0.00,0.00,0.00,0.00,38.89,64,988.00
2017-03-21 08:40:55,2017-03-21,270,0.00,0.00,0.00,0.00,38.89,64,988.10
2017-03-21 08:40:56,2017-03-21,270,0.00,0.00,0.00,0.00,38.89,64,988.00
2017-03-21 08:40:57,2017-03-21,270,0.00,0.00,0.00,0.00,38.89,64,988.00
2017-03-21 08:40:58,2017-03-21,270,0.00,0.00,0.00,0.00,38.89,64,988.00
2017-03-21 08:40:59,2017-03-21,270,0.00,0.00,0.00,0.00,38.89,64,988.00
2017-03-21 08:41:00,2017-03-21,270,0.00,0.00,0.00,0.00,38.89,64,988.00
2017-03-21 08:41:01,2017-03-21,270,0.00,0.00,0.00,0.00,38.89,64,988.10
2017-03-21 08:41:02,2017-03-21,270,0.00,0.00,0.00,0.00,38.89,64,988.20
2017-03-21 08:41:03,2017-03-21,270,0.00,0.00,0.00,0.00,38.89,64,988.00
2017-03-21 08:41:04,2017-03-21,270,0.00,0.00,0.00,0.00,38.89,64,988.10
2017-03-21 08:41:05,2017-03-21,270,0.00,0.00,0.00,0.00,38.89,64,987.90
2017-03-21 08:41:06,2017-03-21,270,0.00,0.00,0.00,0.00,38.89,64,988.10
2017-03-21 08:41:07,2017-03-21,270,0.00,0.00,0.00,0.00,38.89,64,988.20
2017-03-21 08:41:08,2017-03-21,270,0.00,0.00,0.00,0.00,38.89,64,988.10
2017-03-21 08:41:09,2017-03-21,270,0.00,0.00,0.00,0.00,38.89,64,988.20
2017-03-21 08:41:10,2017-03-21,270,0.00,0.00,0.00,0.00,38.89,64,988.20
2017-03-21 08:41:11,2017-03-21,270,0.00,0.00,0.00,0.00,38.89,64,988.40
2017-03-21 08:41:12,2017-03-21,270,0.00,0.00,0.00,0.00,38.89,64,988.40
2017-03-21 08:41:13,2017-03-21,270,0.00,0.00,0.00,0.00,38.89,64,988.30
2017-03-21 08:41:14,2017-03-21,270,0.00,0.00,0.00,0.00,38.89,64,988.20
2017-03-21 08:41:15,2017-03-21,270,0.00,0.00,0.00,0.00,38.89,64,988.30
2017-03-21 08:41:16,2017-03-21,270,0.00,0.00,0.00,0.00,38.89,64,988.30
2017-03-21 08:41:17,2017-03-21,270,0.00,0.00,0.00,0.00,38.89,65,988.30
2017-03-21 08:41:18,2017-03-21,270,0.00,0.00,0.00,0.00,38.89,65,988.50
2017-03-21 08:41:19,2017-03-21,270,0.00,0.00,0.00,0.00,38.89,65,988.40
2017-03-21 08:41:20,2017-03-21,270,0.00,0.00,0.00,0.00,38.89,65,988.40
2017-03-21 08:41:21,2017-03-21,270,0.00,0.00,0.00,0.00,38.89,65,988.40
2017-03-21 08:41:22,2017-03-21,270,0.00,0.00,0.00,0.00,38.89,65,988.40
2017-03-21 08:41:23,2017-03-21,270,0.00,0.00,0.00,0.00,38.89,65,988.50
2017-03-21 08:41:24,2017-03-21,270,0.00,0.00,0.00,0.00,38.89,65,988.40
2017-03-21 08:41:25,2017-03-21,270,0.00,0.00,0.00,0.00,38.89,65,988.40
2017-03-21 08:41:26,2017-03-21,270,0.00,0.00,0.00,0.00,38.89,65,988.50
2017-03-21 08:41:27,2017-03-21,270,0.00,0.00,0.00,0.00,38.89,65,988.40
2017-03-21 08:41:28,2017-03-21,270,0.00,0.00,0.00,0.00,38.89,65,988.50
2017-03-21 08:41:29,2017-03-21,270,0.00,0.00,0.00,0.00,38.89,65,988.50
2017-03-21 08:41:30,2017-03-21,270,0.00,0.00,0.00,0.00,38.89,65,988.50
2017-03-21 08:41:31,2017-03-21,270,0.00,0.00,0.00,0.00,38.89,65,988.50
2017-03-21 08:41:32,2017-03-21,270,0.00,0.00,0.00,0.00,38.89,65,988.50
2017-03-21 08:41:33,2017-03-21,270,0.00,0.00,0.00,0.00,38.89,65,988.60
2017-03-21 08:41:34,2017-03-21,270,0.00,0.00,0.00,0.00,38.89,65,988.50
2017-03-21 08:41:35,2017-03-21,270,0.00,0.00,0.00,0.00,38.89,65,988.40
2017-03-21 08:41:36,2017-03-21,270,0.00,0.00,0.00,0.00,38.89,65,988.40
2017-03-21 08:41:37,2017-03-21,270,0.00,0.00,0.00,0.00,38.89,65,988.40
2017-03-21 08:41:38,2017-03-21,270,0.00,0.00,0.00,0.00,38.89,65,988.30
2017-03-21 08:41:39,2017-03-21,270,0.00,0.00,0.00,0.00,38.89,65,988.10
2017-03-21 08:41:40,2017-03-21,270,0.00,0.00,0.00,0.00,38.89,65,988.20
2017-03-21 08:41:41,2017-03-21,270,0.00,0.00,0.00,0.00,38.89,65,988.20
2017-03-21 08:41:42,2017-03-21,270,0.00,0.00,0.00,0.00,38.89,65,988.30
2017-03-21 08:41:43,2017-03-21,270,0.00,0.00,0.00,0.00,38.89,65,988.30
2017-03-21 08:41:44,2017-03-21,270,0.00,0.00,0.00,0.00,38.89,65,988.20
2017-03-21 08:41:45,2017-03-21,270,0.00,0.00,0.00,0.00,38.89,65,988.20
2017-03-21 08:41:46,2017-03-21,270,0.00,0.00,0.00,0.00,38.89,65,988.20
2017-03-21 08:41:47,2017-03-21,270,0.00,0.00,0.00,0.00,38.89,65,988.30
2017-03-21 08:41:48,2017-03-21,270,0.00,0.00,0.00,0.00,38.89,65,988.20
2017-03-21 08:41:49,2017-03-21,270,0.00,0.00,0.00,0.00,38.89,65,988.20
2017-03-21 08:41:50,2017-03-21,270,0.00,0.00,0.00,0.00,38.89,65,988.30
2017-03-21 08:41:51,2017-03-21,270,0.00,0.00,0.00,0.00,38.89,65,988.30
2017-03-21 08:41:52,2017-03-21,270,0.00,0.00,0.00,0.00,38.89,65,988.40
2017-03-21 08:41:53,2017-03-21,270,0.00,0.00,0.00,0.00,38.89,65,988.30
2017-03-21 08:41:54,2017-03-21,270,0.00,0.00,0.00,0.00,38.89,65,988.40
2017-03-21 08:41:55,2017-03-21,270,0.00,0.00,0.00,0.00,38.89,65,988.30
2017-03-21 08:41:56,2017-03-21,270,0.00,0.00,0.00,0.00,38.89,65,988.40
2017-03-21 08:41:57,2017-03-21,270,0.00,0.00,0.00,0.00,38.89,65,988.50
2017-03-21 08:41:58,2017-03-21,270,0.00,0.00,0.00,0.00,38.89,65,988.40
2017-03-21 08:41:59,2017-03-21,270,0.00,0.00,0.00,0.00,38.89,65,988.40
2017-03-21 08:42:00,2017-03-21,270,0.00,0.00,0.00,0.00,38.89,65,988.50
2017-03-21 08:42:01,2017-03-21,270,0.00,0.00,0.00,0.00,38.89,65,988.50
2017-03-21 08:42:02,2017-03-21,270,0.00,0.00,0.00,0.00,38.89,65,988.50
2017-03-21 08:42:03,2017-03-21,270,0.00,0.00,0.00,0.00,38.89,65,988.50
2017-03-21 08:42:04,2017-03-21,270,0.00,0.00,0.00,0.00,38.89,66,988.60
2017-03-21 08:42:05,2017-03-21,270,0.00,0.00,0.00,0.00,38.89,66,988.50
2017-03-21 08:42:06,2017-03-21,270,0.00,0.00,0.00,0.00,38.89,66,988.50
2017-03-21 08:42:07,2017-03-21,270,0.00,0.00,0.00,0.00,38.89,66,988.50
2017-03-21 08:42:08,2017-03-21,270,0.00,0.00,0.00,0.00,38.89,66,988.60
2017-03-21 08:42:09,2017-03-21,270,0.00,0.00,0.00,0.00,38.89,66,988.40
2017-03-21 08:42:10,2017-03-21,270,0.00,0.00,0.00,0.00,38.89,66,988.40
2017-03-21 08:42:11,2017-03-21,270,0.00,0.00,0.00,0.00,38.89,66,988.40
2017-03-21 08:42:12,2017-03-21,270,0.00,0.00,0.00,0.00,38.89,66,988.50
2017-03-21 08:42:13,2017-03-21,270,0.00,0.00,0.00,0.00,38.89,66,988.40
2017-03-21 08:42:14,2017-03-21,270,0.00,0.00,0.00,0.00,38.89,66,988.40
2017-03-21 08:42:15,2017-03-21,270,0.00,0.00,0.00,0.00,38.89,66,988.50
2017-03-21 08:42:16,2017-03-21,270,0.00,0.00,0.00,0.00,38.89,66,988.60
2017-03-21 08:42:17,2017-03-21,270,0.00,0.00,0.00,0.00,38.89,66,988.50
2017-03-21 08:42:18,2017-03-21,270,0.00,0.00,0.00,0.00,38.89,66,988.50
2017-03-21 08:42:19,2017-03-21,270,0.00,0.00,0.00,0.00,38.89,66,988.50
2017-03-21 08:42:20,2017-03-21,270,0.00,0.00,0.00,0.00,38.89,66,988.50
2017-03-21 08:42:21,2017-03-21,270,0.00,0.00,0.00,0.00,38.89,66,988.50
2017-03-21 08:42:22,2017-03-21,270,0.00,0.00,0.00,0.00,38.89,66,988.60
2017-03-21 08:42:23,2017-03-21,270,0.00,0.00,0.00,0.00,38.89,66,988.50
2017-03-21 08:42:24,2017-03-21,270,0.00,0.00,0.00,0.00,38.89,66,988.40
2017-03-21 08:42:25,2017-03-21,270,0.00,0.00,0.00,0.00,38.89,66,988.30
2017-03-21 08:42:26,2017-03-21,270,0.00,0.00,0.00,0.00,38.89,66,988.30
2017-03-21 08:42:27,2017-03-21,270,0.00,0.00,0.00,0.00,38.89,66,988.20
2017-03-21 08:42:28,2017-03-21,270,0.00,0.00,0.00,0.00,38.89,66,988.20
2017-03-21 08:42:29,2017-03-21,270,0.00,0.00,0.00,0.00,38.89,66,988.20
2017-03-21 08:42:30,2017-03-21,270,0.00,0.00,0.00,0.00,38.89,66,988.30
2017-03-21 08:42:31,2017-03-21,270,0.00,0.00,0.00,0.00,38.89,66,988.30
2017-03-21 08:42:32,2017-03-21,270,0.00,0.00,0.00,0.00,38.89,66,988.20
2017-03-21 08:42:33,2017-03-21,270,0.00,0.00,0.00,0.00,38.89,66,988.20
2017-03-21 08:42:34,2017-03-21,270,0.00,0.00,0.00,0.00,38.89,66,988.20
2017-03-21 08:42:35,2017-03-21,270,0.00,0.00,0.00,0.00,38.89,66,988.30
2017-03-21 08:42:36,2017-03-21,270,0.00,0.00,0.00,0.00,38.89,66,988.20
2017-03-21 08:42:37,2017-03-21,270,0.00,0.00,0.00,0.00,38.89,66,988.10
2017-03-21 08:42:38,2017-03-21,270,0.00,0.00,0.00,0.00,38.89,66,988.20
2017-03-21 08:42:39,2017-03-21,270,0.00,0.00,0.00,0.00,38.89,66,988.20
2017-03-21 08:42:40,2017-03-21,270,0.00,0.00,0.00,0.00,38.89,66,988.30
2017-03-21 08:42:41,2017-03-21,270,0.00,0.00,0.00,0.00,38.89,66,988.20
2017-03-21 08:42:42,2017-03-21,270,0.00,0.00,0.00,0.00,38.89,66,988.30
2017-03-21 08:42:43,2017-03-21,270,0.00,0.00,0.00,0.00,38.89,66,988.20
2017-03-21 08:42:44,2017-03-21,270,0.00,0.00,0.00,0.00,38.89,66,988.30
2017-03-21 08:42:45,2017-03-21,270,0.00,0.00,0.00,0.00,38.89,66,988.30
2017-03-21 08:42:46,2017-03-21,270,0.00,0.00,0.00,0.00,38.89,66,988.20
2017-03-21 08:42:47,2017-03-21,270,0.00,0.00,0.00,0.00,38.89,66,988.30
2017-03-21 08:42:48,2017-03-21,270,0.00,0.00,0.00,0.00,38.89,66,988.30
2017-03-21 08:42:49,2017-03-21,270,0.00,0.00,0.00,0.00,38.89,66,988.30
2017-03-21 08:42:50,2017-03-21,270,0.00,0.00,0.00,0.00,38.89,66,988.20
2017-03-21 08:42:51,2017-03-21,270,0.00,0.00,0.00,0.00,38.89,66,988.30
2017-03-21 08:42:52,2017-03-21,270,0.00,0.00,0.00,0.00,38.89,66,988.50
2017-03-21 08:42:53,2017-03-21,270,0.00,0.00,0.00,0.00,38.89,66,988.40
2017-03-21 08:42:54,2017-03-21,270,0.00,0.00,0.00,0.00,38.89,66,988.40
2017-03-21 08:42:55,2017-03-21,270,0.00,0.00,0.00,0.00,38.89,66,988.40
2017-03-21 08:42:56,2017-03-21,270,0.00,0.00,0.00,0.00,38.89,66,988.40
2017-03-21 08:42:57,2017-03-21,270,0.00,0.00,0.00,0.00,38.89,66,988.40
2017-03-21 08:42:58,2017-03-21,270,0.00,0.00,0.00,0.00,38.89,66,988.50
2017-03-21 08:42:59,2017-03-21,270,0.00,0.00,0.00,0.00,38.89,66,988.40
2017-03-21 08:43:00,2017-03-21,270,0.00,0.00,0.00,0.00,38.89,66,988.40
2017-03-21 08:43:01,2017-03-21,270,0.00,0.00,0.00,0.00,38.89,66,988.00
2017-03-21 08:43:02,2017-03-21,270,0.00,0.00,0.00,0.00,38.89,66,987.70
2017-03-21 08:43:03,2017-03-21,270,0.00,0.00,0.00,0.00,38.89,66,987.60
2017-03-21 08:43:04,2017-03-21,270,0.00,0.00,0.00,0.00,38.89,66,987.90
2017-03-21 08:43:05,2017-03-21,270,0.00,0.00,0.00,0.00,38.89,66,988.00
2017-03-21 08:43:06,2017-03-21,270,0.00,0.00,0.00,0.00,38.89,66,988.00
2017-03-21 08:43:07,2017-03-21,270,0.00,0.00,0.00,0.00,38.89,66,988.20
2017-03-21 08:43:08,2017-03-21,270,0.00,0.00,0.00,0.00,38.89,66,988.30
2017-03-21 08:43:09,2017-03-21,270,0.00,0.00,0.00,0.00,38.89,66,988.30
2017-03-21 08:43:10,2017-03-21,270,0.00,0.00,0.00,0.00,38.89,66,988.20
2017-03-21 08:43:11,2017-03-21,270,0.00,0.00,0.00,0.00,38.89,66,988.40
2017-03-21 08:43:12,2017-03-21,270,0.00,0.00,0.00,0.00,38.89,66,988.40
2017-03-21 08:43:13,2017-03-21,270,0.00,0.00,0.00,0.00,38.89,66,988.50
2017-03-21 08:43:14,2017-03-21,270,0.00,0.00,0.00,0.00,38.89,66,988.50
2017-03-21 08:43:15,2017-03-21,270,0.00,0.00,0.00,0.00,38.89,66,988.50
2017-03-21 08:43:16,2017-03-21,270,0.00,0.00,0.00,0.00,38.89,66,988.40
2017-03-21 08:43:17,2017-03-21,270,0.00,0.00,0.00,0.00,38.89,66,988.50
2017-03-21 08:43:18,2017-03-21,270,0.00,0.00,0.00,0.00,38.89,66,988.40
2017-03-21 08:43:19,2017-03-21,270,0.00,0.00,0.00,0.00,38.89,66,988.50
2017-03-21 08:43:20,2017-03-21,270,0.00,0.00,0.00,0.00,38.89,66,988.50
2017-03-21 08:43:21,2017-03-21,270,0.00,0.00,0.00,0.00,38.89,66,988.40
2017-03-21 08:43:22,2017-03-21,270,0.00,0.00,0.00,0.00,38.89,66,988.50
2017-03-21 08:43:23,2017-03-21,270,0.00,0.00,0.00,0.00,38.89,66,988.50
2017-03-21 08:43:24,2017-03-21,270,0.00,0.00,0.00,0.00,38.89,66,988.50
2017-03-21 08:43:25,2017-03-21,270,0.00,0.00,0.00,0.00,38.89,66,988.60
2017-03-21 08:43:26,2017-03-21,270,0.00,0.00,0.00,0.00,38.89,66,988.60
2017-03-21 08:43:27,2017-03-21,270,0.00,0.00,0.00,0.00,38.89,66,988.60
2017-03-21 08:43:28,2017-03-21,270,0.00,0.00,0.00,0.00,38.89,66,988.50
2017-03-21 08:43:29,2017-03-21,270,0.00,0.00,0.00,0.00,38.89,66,988.50
2017-03-21 08:43:30,2017-03-21,270,0.00,0.00,0.00,0.00,38.89,66,988.50
2017-03-21 08:43:31,2017-03-21,270,0.00,0.00,0.00,0.00,38.89,66,988.50
2017-03-21 08:43:32,2017-03-21,270,0.00,0.00,0.00,0.00,38.89,66,988.50
2017-03-21 08:43:33,2017-03-21,270,0.00,0.00,0.00,0.00,38.89,66,988.50
2017-03-21 08:43:34,2017-03-21,270,0.00,0.00,0.00,0.00,38.89,66,988.50
2017-03-21 08:43:35,2017-03-21,270,0.00,0.00,0.00,0.00,38.89,66,988.50
2017-03-21 08:43:36,2017-03-21,270,0.00,0.00,0.00,0.00,38.89,66,988.50
2017-03-21 08:43:37,2017-03-21,270,0.00,0.00,0.00,0.00,38.89,66,988.40
2017-03-21 08:43:39,2017-03-21,270,0.00,0.00,0.00,0.00,38.89,66,988.50
2017-03-21 08:43:40,2017-03-21,270,0.00,0.00,0.00,0.00,38.89,66,988.40
2017-03-21 08:43:41,2017-03-21,270,0.00,0.00,0.00,0.00,38.89,66,988.50
2017-03-21 08:43:42,2017-03-21,270,0.00,0.00,0.00,0.00,38.89,66,988.50
2017-03-21 08:43:43,2017-03-21,270,0.00,0.00,0.00,0.00,38.89,66,988.50
2017-03-21 08:43:44,2017-03-21,270,0.00,0.00,0.00,0.00,38.89,66,988.50
2017-03-21 08:43:45,2017-03-21,270,0.00,0.00,0.00,0.00,38.89,66,988.50
2017-03-21 08:43:46,2017-03-21,270,0.00,0.00,0.00,0.00,38.89,66,988.50
2017-03-21 08:43:47,2017-03-21,270,0.00,0.00,0.00,0.00,38.89,66,988.50
2017-03-21 08:43:48,2017-03-21,270,0.00,0.00,0.00,0.00,38.89,66,988.50
2017-03-21 08:43:49,2017-03-21,270,0.00,0.00,0.00,0.00,38.89,66,988.50
2017-03-21 08:43:50,2017-03-21,270,0.00,0.00,0.00,0.00,38.89,66,988.40
2017-03-21 08:43:51,2017-03-21,270,0.00,0.00,0.00,0.00,38.89,66,988.40
2017-03-21 08:43:52,2017-03-21,270,0.00,0.00,0.00,0.00,38.89,66,988.30
2017-03-21 08:43:53,2017-03-21,270,0.00,0.00,0.00,0.00,38.89,66,988.40
2017-03-21 08:43:54,2017-03-21,270,0.00,0.00,0.00,0.00,38.89,66,988.40
2017-03-21 08:43:55,2017-03-21,270,0.00,0.00,0.00,0.00,38.89,66,988.40
2017-03-21 08:43:56,2017-03-21,270,0.00,0.00,0.00,0.00,38.89,66,988.40
2017-03-21 08:43:57,2017-03-21,270,0.00,0.00,0.00,0.00,38.89,66,988.40
2017-03-21 08:43:58,2017-03-21,270,0.00,0.00,0.00,0.00,38.89,66,988.40
2017-03-21 08:43:59,2017-03-21,270,0.00,0.00,0.00,0.00,38.89,66,988.40
2017-03-21 08:44:00,2017-03-21,270,0.00,0.00,0.00,0.00,38.89,66,988.40
2017-03-21 08:44:01,2017-03-21,270,0.00,0.00,0.00,0.00,38.89,66,988.40
2017-03-21 08:44:02,2017-03-21,270,0.00,0.00,0.00,0.00,38.89,66,988.40
2017-03-21 08:44:03,2017-03-21,270,0.00,0.00,0.00,0.00,38.89,66,988.40
2017-03-21 08:44:04,2017-03-21,270,0.00,0.00,0.00,0.00,38.89,66,988.50
2017-03-21 08:44:05,2017-03-21,270,0.00,0.00,0.00,0.00,38.89,66,988.30
2017-03-21 08:44:06,2017-03-21,270,0.00,0.00,0.00,0.00,38.89,66,988.30
2017-03-21 08:44:07,2017-03-21,270,0.00,0.00,0.00,0.00,38.89,66,988.30
2017-03-21 08:44:08,2017-03-21,270,0.00,0.00,0.00,0.00,38.89,66,988.30
2017-03-21 08:44:09,2017-03-21,270,0.00,0.00,0.00,0.00,38.89,66,988.40
2017-03-21 08:44:10,2017-03-21,270,0.00,0.00,0.00,0.00,38.89,66,988.30
2017-03-21 08:44:11,2017-03-21,270,0.00,0.00,0.00,0.00,38.89,66,988.40
2017-03-21 08:44:12,2017-03-21,270,0.00,0.00,0.00,0.00,38.89,66,988.40
2017-03-21 08:44:13,2017-03-21,270,0.00,0.00,0.00,0.00,38.89,66,988.30
2017-03-21 08:44:14,2017-03-21,270,0.00,0.00,0.00,0.00,38.89,66,988.20
2017-03-21 08:44:15,2017-03-21,270,0.00,0.00,0.00,0.00,38.89,66,988.30
2017-03-21 08:44:16,2017-03-21,270,0.00,0.00,0.00,0.00,38.89,66,988.20
2017-03-21 08:44:17,2017-03-21,270,0.00,0.00,0.00,0.00,38.89,66,988.40
2017-03-21 08:44:18,2017-03-21,270,0.00,0.00,0.00,0.00,38.89,66,988.30
2017-03-21 08:44:19,2017-03-21,270,0.00,0.00,0.00,0.00,38.89,66,988.40
2017-03-21 08:44:20,2017-03-21,270,0.00,0.00,0.00,0.00,38.89,66,988.40
2017-03-21 08:44:21,2017-03-21,270,0.00,0.00,0.00,0.00,38.89,66,988.50
2017-03-21 08:44:22,2017-03-21,270,0.00,0.00,0.00,0.00,38.89,66,988.50
2017-03-21 08:44:23,2017-03-21,270,0.00,0.00,0.00,0.00,38.89,66,988.50
2017-03-21 08:44:24,2017-03-21,270,0.00,0.00,0.00,0.00,38.89,66,988.40
2017-03-21 08:44:25,2017-03-21,270,0.00,0.00,0.00,0.00,38.89,66,988.40
2017-03-21 08:44:26,2017-03-21,270,0.00,0.00,0.00,0.00,38.89,66,988.50
2017-03-21 08:44:27,2017-03-21,270,0.00,0.00,0.00,0.00,38.89,66,988.40
2017-03-21 08:44:28,2017-03-21,270,0.00,0.00,0.00,0.00,38.89,66,988.30
2017-03-21 08:44:29,2017-03-21,270,0.00,0.00,0.00,0.00,38.89,66,988.50
2017-03-21 08:44:30,2017-03-21,270,0.00,0.00,0.00,0.00,38.89,66,988.50
2017-03-21 08:44:31,2017-03-21,270,0.00,0.00,0.00,0.00,38.89,66,988.40
2017-03-21 08:44:32,2017-03-21,270,0.00,0.00,0.00,0.00,38.89,66,988.40
2017-03-21 08:44:33,2017-03-21,270,0.00,0.00,0.00,0.00,38.89,66,988.40
2017-03-21 08:44:34,2017-03-21,270,0.00,0.00,0.00,0.00,38.89,66,988.40
2017-03-21 08:44:35,2017-03-21,270,0.00,0.00,0.00,0.00,38.89,66,988.30
2017-03-21 08:44:36,2017-03-21,270,0.00,0.00,0.00,0.00,38.89,66,988.50
2017-03-21 08:44:37,2017-03-21,270,0.00,0.00,0.00,0.00,38.89,66,988.40
2017-03-21 08:44:38,2017-03-21,270,0.00,0.00,0.00,0.00,38.89,66,988.40
2017-03-21 08:44:39,2017-03-21,270,0.00,0.00,0.00,0.00,38.89,66,988.50
2017-03-21 08:44:40,2017-03-21,270,0.00,0.00,0.00,0.00,38.89,66,988.50
2017-03-21 08:44:41,2017-03-21,270,0.00,0.00,0.00,0.00,38.89,66,988.50
2017-03-21 08:44:42,2017-03-21,270,0.00,0.00,0.00,0.00,38.89,66,988.40
2017-03-21 08:44:43,2017-03-21,270,0.00,0.00,0.00,0.00,38.89,66,988.40
2017-03-21 08:44:44,2017-03-21,270,0.00,0.00,0.00,0.00,38.89,66,988.30
2017-03-21 08:44:45,2017-03-21,270,0.00,0.00,0.00,0.00,38.89,66,988.50
2017-03-21 08:44:46,2017-03-21,270,0.00,0.00,0.00,0.00,38.89,66,988.40
2017-03-21 08:44:47,2017-03-21,270,0.00,0.00,0.00,0.00,38.89,66,988.30
2017-03-21 08:44:48,2017-03-21,270,0.00,0.00,0.00,0.00,38.89,66,988.40
2017-03-21 08:44:49,2017-03-21,270,0.00,0.00,0.00,0.00,38.89,66,988.40
2017-03-21 08:44:50,2017-03-21,270,0.00,0.00,0.00,0.00,38.89,66,988.40
2017-03-21 08:44:51,2017-03-21,270,0.00,0.00,0.00,0.00,38.89,66,988.40
2017-03-21 08:44:52,2017-03-21,270,0.00,0.00,0.00,0.00,38.89,66,988.40
2017-03-21 08:44:53,2017-03-21,270,0.00,0.00,0.00,0.00,38.89,66,988.50
2017-03-21 08:44:54,2017-03-21,270,0.00,0.00,0.00,0.00,38.89,66,988.40
2017-03-21 08:44:55,2017-03-21,270,0.00,0.00,0.00,0.00,38.89,66,988.50
2017-03-21 08:44:56,2017-03-21,270,0.00,0.00,0.00,0.00,38.89,66,988.50
2017-03-21 08:44:57,2017-03-21,270,0.00,0.00,0.00,0.00,38.89,66,988.50
2017-03-21 08:44:58,2017-03-21,270,0.00,0.00,0.00,0.00,38.89,66,988.40
2017-03-21 08:44:59,2017-03-21,270,0.00,0.00,0.00,0.00,38.89,66,988.50
2017-03-21 08:45:00,2017-03-21,270,0.00,0.00,0.00,0.00,38.89,66,988.50
2017-03-21 08:45:01,2017-03-21,270,0.00,0.00,0.00,0.00,38.89,66,988.40
2017-03-21 08:45:02,2017-03-21,270,0.00,0.00,0.00,0.00,38.89,66,988.40
2017-03-21 08:45:03,2017-03-21,270,0.00,0.00,0.00,0.00,38.89,66,988.40
2017-03-21 08:45:04,2017-03-21,270,0.00,0.00,0.00,0.00,38.89,66,988.50
2017-03-21 08:45:05,2017-03-21,270,0.00,0.00,0.00,0.00,38.89,66,988.40
2017-03-21 08:45:06,2017-03-21,270,0.00,0.00,0.00,0.00,38.89,66,988.40
2017-03-21 08:45:07,2017-03-21,270,0.00,0.00,0.00,0.00,38.89,66,988.50
2017-03-21 08:45:08,2017-03-21,270,0.00,0.00,0.00,0.00,38.89,66,988.50
2017-03-21 08:45:09,2017-03-21,270,0.00,0.00,0.00,0.00,38.89,66,988.40
2017-03-21 08:45:10,2017-03-21,270,0.00,0.00,0.00,0.00,38.89,66,988.40
2017-03-21 08:45:11,2017-03-21,270,0.00,0.00,0.00,0.00,38.89,66,988.50
2017-03-21 08:45:12,2017-03-21,270,0.00,0.00,0.00,0.00,38.89,66,988.50
2017-03-21 08:45:13,2017-03-21,270,0.00,0.00,0.00,0.00,38.89,66,988.50
2017-03-21 08:45:14,2017-03-21,270,0.00,0.00,0.00,0.00,38.89,66,988.50
2017-03-21 08:45:15,2017-03-21,270,0.00,0.00,0.00,0.00,38.89,66,988.50
2017-03-21 08:45:16,2017-03-21,270,0.00,0.00,0.00,0.00,38.89,66,988.50
2017-03-21 08:45:17,2017-03-21,270,0.00,0.00,0.00,0.00,38.89,66,988.50
2017-03-21 08:45:18,2017-03-21,270,0.00,0.00,0.00,0.00,38.89,66,988.40
2017-03-21 08:45:19,2017-03-21,270,0.00,0.00,0.00,0.00,38.89,66,988.40
2017-03-21 08:45:20,2017-03-21,270,0.00,0.00,0.00,0.00,38.89,66,988.50
2017-03-21 08:45:21,2017-03-21,270,0.00,0.00,0.00,0.00,38.89,66,988.40
2017-03-21 08:45:22,2017-03-21,270,0.00,0.00,0.00,0.00,38.89,66,988.50
2017-03-21 08:45:23,2017-03-21,270,0.00,0.00,0.00,0.00,38.89,66,988.40
2017-03-21 08:45:24,2017-03-21,270,0.00,0.00,0.00,0.00,38.89,66,988.50
2017-03-21 08:45:25,2017-03-21,270,0.00,0.00,0.00,0.00,38.89,66,988.50
2017-03-21 08:45:26,2017-03-21,270,0.00,0.00,0.00,0.00,38.89,66,988.40
2017-03-21 08:45:27,2017-03-21,270,0.00,0.00,0.00,0.00,38.89,66,988.40
2017-03-21 08:45:28,2017-03-21,270,0.00,0.00,0.00,0.00,38.89,66,988.40
2017-03-21 08:45:29,2017-03-21,270,0.00,0.00,0.00,0.00,38.89,66,988.40
2017-03-21 08:45:30,2017-03-21,270,0.00,0.00,0.00,0.00,38.89,66,988.50
2017-03-21 08:45:31,2017-03-21,270,0.00,0.00,0.00,0.00,38.89,66,988.40
2017-03-21 08:45:32,2017-03-21,270,0.00,0.00,0.00,0.00,38.89,66,988.40
2017-03-21 08:45:33,2017-03-21,270,0.00,0.00,0.00,0.00,38.89,66,988.50
2017-03-21 08:45:34,2017-03-21,270,0.00,0.00,0.00,0.00,38.89,66,988.40
2017-03-21 08:45:35,2017-03-21,270,0.00,0.00,0.00,0.00,38.89,66,988.50
2017-03-21 08:45:36,2017-03-21,270,0.00,0.00,0.00,0.00,38.89,66,988.40
2017-03-21 08:45:37,2017-03-21,270,0.00,0.00,0.00,0.00,38.89,66,988.40
2017-03-21 08:45:38,2017-03-21,270,0.00,0.00,0.00,0.00,38.89,66,988.50
2017-03-21 08:45:39,2017-03-21,270,0.00,0.00,0.00,0.00,38.89,66,988.40
2017-03-21 08:45:40,2017-03-21,270,0.00,0.00,0.00,0.00,38.89,66,988.40
2017-03-21 08:45:41,2017-03-21,270,0.00,0.00,0.00,0.00,38.89,66,988.40
2017-03-21 08:45:42,2017-03-21,270,0.00,0.00,0.00,0.00,38.89,66,988.40
2017-03-21 08:45:43,2017-03-21,270,0.00,0.00,0.00,0.00,38.89,66,988.50
2017-03-21 08:45:44,2017-03-21,270,0.00,0.00,0.00,0.00,38.89,66,988.50
2017-03-21 08:45:45,2017-03-21,270,0.00,0.00,0.00,0.00,38.89,66,988.40
2017-03-21 08:45:46,2017-03-21,270,0.00,0.00,0.00,0.00,38.89,66,988.30
2017-03-21 08:45:47,2017-03-21,270,0.00,0.00,0.00,0.00,38.89,66,988.40
2017-03-21 08:45:48,2017-03-21,270,0.00,0.00,0.00,0.00,38.89,66,988.40
2017-03-21 08:45:49,2017-03-21,270,0.00,0.00,0.00,0.00,38.89,66,988.40
2017-03-21 08:45:50,2017-03-21,270,0.00,0.00,0.00,0.00,38.89,66,988.40
2017-03-21 08:45:51,2017-03-21,270,0.00,0.00,0.00,0.00,38.89,66,988.30
2017-03-21 08:45:52,2017-03-21,270,0.00,0.00,0.00,0.00,38.89,66,988.40
2017-03-21 08:45:53,2017-03-21,270,0.00,0.00,0.00,0.00,38.89,66,988.40
2017-03-21 08:45:54,2017-03-21,270,0.00,0.00,0.00,0.00,38.89,66,988.40
2017-03-21 08:45:55,2017-03-21,270,0.00,0.00,0.00,0.00,38.89,66,988.40
2017-03-21 08:45:56,2017-03-21,270,0.00,0.00,0.00,0.00,38.89,66,988.30
2017-03-21 08:45:57,2017-03-21,270,0.00,0.00,0.00,0.00,38.89,66,988.50
2017-03-21 08:45:58,2017-03-21,270,0.00,0.00,0.00,0.00,38.89,66,988.50
2017-03-21 08:45:59,2017-03-21,270,0.00,0.00,0.00,0.00,38.89,66,988.50
2017-03-21 08:46:00,2017-03-21,270,0.00,0.00,0.00,0.00,38.89,66,988.40
2017-03-21 08:46:01,2017-03-21,270,0.00,0.00,0.00,0.00,38.89,66,988.50
2017-03-21 08:46:02,2017-03-21,270,0.00,0.00,0.00,0.00,38.89,65,988.40
2017-03-21 08:46:03,2017-03-21,270,0.00,0.00,0.00,0.00,38.89,65,988.40
2017-03-21 08:46:04,2017-03-21,270,0.00,0.00,0.00,0.00,38.89,65,988.50
2017-03-21 08:46:05,2017-03-21,270,0.00,0.00,0.00,0.00,38.89,65,988.50
2017-03-21 08:46:06,2017-03-21,270,0.00,0.00,0.00,0.00,38.89,65,988.40
2017-03-21 08:46:07,2017-03-21,270,0.00,0.00,0.00,0.00,38.89,65,988.50
2017-03-21 08:46:08,2017-03-21,270,0.00,0.00,0.00,0.00,38.89,65,988.40
2017-03-21 08:46:09,2017-03-21,270,0.00,0.00,0.00,0.00,38.89,65,988.50
2017-03-21 08:46:10,2017-03-21,270,0.00,0.00,0.00,0.00,38.89,65,988.40
2017-03-21 08:46:11,2017-03-21,270,0.00,0.00,0.00,0.00,38.89,65,988.40
2017-03-21 08:46:12,2017-03-21,270,0.00,0.00,0.00,0.00,38.89,65,988.40
2017-03-21 08:46:13,2017-03-21,270,0.00,0.00,0.00,0.00,38.89,65,988.40
2017-03-21 08:46:14,2017-03-21,270,0.00,0.00,0.00,0.00,38.89,65,988.50
2017-03-21 08:46:15,2017-03-21,270,0.00,0.00,0.00,0.00,38.89,65,988.40
2017-03-21 08:46:16,2017-03-21,270,0.00,0.00,0.00,0.00,38.89,65,988.40
2017-03-21 08:46:17,2017-03-21,270,0.00,0.00,0.00,0.00,38.89,65,988.50
2017-03-21 08:46:18,2017-03-21,270,0.00,0.00,0.00,0.00,38.89,65,988.40
2017-03-21 08:46:19,2017-03-21,270,0.00,0.00,0.00,0.00,38.89,65,988.30
2017-03-21 08:46:20,2017-03-21,270,0.00,0.00,0.00,0.00,38.89,65,988.50
2017-03-21 08:46:21,2017-03-21,270,0.00,0.00,0.00,0.00,38.89,65,988.30
2017-03-21 08:46:22,2017-03-21,270,0.00,0.00,0.00,0.00,38.89,65,988.50
2017-03-21 08:46:23,2017-03-21,270,0.00,0.00,0.00,0.00,38.89,65,988.50
2017-03-21 08:46:24,2017-03-21,270,0.00,0.00,0.00,0.00,38.89,65,988.50
2017-03-21 08:46:25,2017-03-21,270,0.00,0.00,0.00,0.00,38.89,65,988.40
2017-03-21 08:46:26,2017-03-21,270,0.00,0.00,0.00,0.00,38.89,65,988.40
2017-03-21 08:46:27,2017-03-21,270,0.00,0.00,0.00,0.00,38.89,65,988.50
2017-03-21 08:46:28,2017-03-21,270,0.00,0.00,0.00,0.00,38.89,65,988.40
2017-03-21 08:46:29,2017-03-21,270,0.00,0.00,0.00,0.00,38.89,65,988.50
2017-03-21 08:46:30,2017-03-21,270,0.00,0.00,0.00,0.00,38.89,65,988.40
2017-03-21 08:46:31,2017-03-21,270,0.00,0.00,0.00,0.00,38.89,65,988.40
2017-03-21 08:46:32,2017-03-21,270,0.00,0.00,0.00,0.00,38.89,65,988.40
2017-03-21 08:46:33,2017-03-21,270,0.00,0.00,0.00,0.00,38.89,65,988.40
2017-03-21 08:46:34,2017-03-21,270,0.00,0.00,0.00,0.00,38.89,65,988.40
2017-03-21 08:46:35,2017-03-21,270,0.00,0.00,0.00,0.00,38.89,65,988.50
2017-03-21 08:46:36,2017-03-21,270,0.00,0.00,0.00,0.00,38.89,65,988.40
2017-03-21 08:46:37,2017-03-21,270,0.00,0.00,0.00,0.00,38.89,65,988.40
2017-03-21 08:46:38,2017-03-21,270,0.00,0.00,0.00,0.00,38.89,65,988.40
2017-03-21 08:46:39,2017-03-21,270,0.00,0.00,0.00,0.00,38.89,65,988.50
2017-03-21 08:46:40,2017-03-21,270,0.00,0.00,0.00,0.00,38.89,65,988.50
2017-03-21 08:46:41,2017-03-21,270,0.00,0.00,0.00,0.00,38.89,65,988.50
2017-03-21 08:46:42,2017-03-21,270,0.00,0.00,0.00,0.00,38.89,65,988.40
2017-03-21 08:46:43,2017-03-21,270,0.00,0.00,0.00,0.00,38.89,65,988.40
2017-03-21 08:46:44,2017-03-21,270,0.00,0.00,0.00,0.00,38.89,65,988.50
2017-03-21 08:46:45,2017-03-21,270,0.00,0.00,0.00,0.00,38.89,65,988.40
2017-03-21 08:46:46,2017-03-21,270,0.00,0.00,0.00,0.00,38.89,65,988.50
2017-03-21 08:46:47,2017-03-21,270,0.00,0.00,0.00,0.00,38.89,65,988.50
2017-03-21 08:46:48,2017-03-21,270,0.00,0.00,0.00,0.00,38.89,65,988.60
2017-03-21 08:46:49,2017-03-21,270,0.00,0.00,0.00,0.00,38.89,65,988.50
2017-03-21 08:46:50,2017-03-21,270,0.00,0.00,0.00,0.00,38.89,65,988.50
2017-03-21 08:46:51,2017-03-21,270,0.00,0.00,0.00,0.00,38.89,65,988.50
2017-03-21 08:46:52,2017-03-21,270,0.00,0.00,0.00,0.00,38.89,65,988.40
2017-03-21 08:46:53,2017-03-21,270,0.00,0.00,0.00,0.00,38.89,65,988.40
2017-03-21 08:46:54,2017-03-21,270,0.00,0.00,0.00,0.00,38.89,65,988.50
2017-03-21 08:46:55,2017-03-21,270,0.00,0.00,0.00,0.00,38.89,65,988.50
2017-03-21 08:46:56,2017-03-21,270,0.00,0.00,0.00,0.00,38.89,65,988.50
2017-03-21 08:46:57,2017-03-21,270,0.00,0.00,0.00,0.00,38.89,65,988.40
2017-03-21 08:46:58,2017-03-21,270,0.00,0.00,0.00,0.00,38.89,65,988.50
2017-03-21 08:46:59,2017-03-21,270,0.00,0.00,0.00,0.00,38.89,65,988.40
2017-03-21 08:47:00,2017-03-21,270,0.00,0.00,0.00,0.00,38.89,65,988.40
2017-03-21 08:47:01,2017-03-21,270,0.00,0.00,0.00,0.00,38.89,65,988.40
2017-03-21 08:47:02,2017-03-21,270,0.00,0.00,0.00,0.00,38.89,65,988.50
2017-03-21 08:47:03,2017-03-21,270,0.00,0.00,0.00,0.00,38.89,65,988.40
2017-03-21 08:47:04,2017-03-21,270,0.00,0.00,0.00,0.00,38.89,65,988.50
2017-03-21 08:47:05,2017-03-21,270,0.00,0.00,0.00,0.00,38.89,65,988.40
2017-03-21 08:47:06,2017-03-21,270,0.00,0.00,0.00,0.00,38.89,65,988.40
2017-03-21 08:47:07,2017-03-21,270,0.00,0.00,0.00,0.00,38.89,65,988.40
2017-03-21 08:47:08,2017-03-21,270,0.00,0.00,0.00,0.00,38.89,65,988.40
2017-03-21 08:47:09,2017-03-21,270,0.00,0.00,0.00,0.00,38.89,65,988.50
2017-03-21 08:47:10,2017-03-21,270,0.00,0.00,0.00,0.00,38.89,65,988.50
2017-03-21 08:47:11,2017-03-21,270,0.00,0.00,0.00,0.00,38.89,65,988.40
2017-03-21 08:47:12,2017-03-21,270,0.00,0.00,0.00,0.00,38.89,65,988.40
2017-03-21 08:47:13,2017-03-21,270,0.00,0.00,0.00,0.00,38.89,65,988.50
2017-03-21 08:47:14,2017-03-21,270,0.00,0.00,0.00,0.00,38.89,65,988.40
2017-03-21 08:47:15,2017-03-21,270,0.00,0.00,0.00,0.00,38.89,65,988.40
2017-03-21 08:47:16,2017-03-21,270,0.00,0.00,0.00,0.00,38.89,65,988.40
2017-03-21 08:47:17,2017-03-21,270,0.00,0.00,0.00,0.00,38.89,65,988.40
2017-03-21 08:47:18,2017-03-21,270,0.00,0.00,0.00,0.00,38.89,65,988.40
2017-03-21 08:47:19,2017-03-21,270,0.00,0.00,0.00,0.00,38.89,65,988.40
2017-03-21 08:47:20,2017-03-21,270,0.00,0.00,0.00,0.00,38.89,65,988.50
2017-03-21 08:47:21,2017-03-21,270,0.00,0.00,0.00,0.00,38.89,65,988.40
2017-03-21 08:47:22,2017-03-21,270,0.00,0.00,0.00,0.00,38.89,65,988.50
2017-03-21 08:47:23,2017-03-21,270,0.00,0.00,0.00,0.00,38.89,65,988.40
2017-03-21 08:47:24,2017-03-21,270,0.00,0.00,0.00,0.00,38.89,65,988.40
2017-03-21 08:47:25,2017-03-21,270,0.00,0.00,0.00,0.00,38.89,65,988.50
2017-03-21 08:47:26,2017-03-21,270,0.00,0.00,0.00,0.00,38.89,65,988.40
2017-03-21 08:47:27,2017-03-21,270,0.00,0.00,0.00,0.00,38.89,65,988.40
2017-03-21 08:47:28,2017-03-21,270,0.00,0.00,0.00,0.00,38.89,65,988.60
2017-03-21 08:47:29,2017-03-21,270,0.00,0.00,0.00,0.00,38.89,65,988.30
2017-03-21 08:47:30,2017-03-21,270,0.00,0.00,0.00,0.00,38.89,65,988.60
2017-03-21 08:47:31,2017-03-21,270,0.00,0.00,0.00,0.00,38.89,65,988.40
2017-03-21 08:47:32,2017-03-21,270,0.00,0.00,0.00,0.00,38.89,65,988.50
2017-03-21 08:47:33,2017-03-21,270,0.00,0.00,0.00,0.00,38.89,65,988.40
2017-03-21 08:47:34,2017-03-21,270,0.00,0.00,0.00,0.00,38.89,65,988.50
2017-03-21 08:47:35,2017-03-21,270,0.00,0.00,0.00,0.00,38.89,65,988.50
2017-03-21 08:47:36,2017-03-21,270,0.00,0.00,0.00,0.00,38.89,65,988.40
2017-03-21 08:47:37,2017-03-21,270,0.00,0.00,0.00,0.00,38.89,65,988.40
2017-03-21 08:47:38,2017-03-21,270,0.00,0.00,0.00,0.00,38.89,65,988.50
2017-03-21 08:47:39,2017-03-21,270,0.00,0.00,0.00,0.00,38.89,65,988.40
2017-03-21 08:47:40,2017-03-21,270,0.00,0.00,0.00,0.00,38.89,65,988.40
2017-03-21 08:47:41,2017-03-21,270,0.00,0.00,0.00,0.00,38.89,65,988.50
2017-03-21 08:47:42,2017-03-21,270,0.00,0.00,0.00,0.00,38.89,65,988.40
2017-03-21 08:47:43,2017-03-21,270,0.00,0.00,0.00,0.00,38.89,65,988.40
2017-03-21 08:47:44,2017-03-21,270,0.00,0.00,0.00,0.00,38.89,65,988.40
2017-03-21 08:47:45,2017-03-21,270,0.00,0.00,0.00,0.00,38.89,65,988.40
2017-03-21 08:47:46,2017-03-21,270,0.00,0.00,0.00,0.00,38.89,65,988.40
2017-03-21 08:47:47,2017-03-21,270,0.00,0.00,0.00,0.00,38.89,65,988.40
2017-03-21 08:47:48,2017-03-21,270,0.00,0.00,0.00,0.00,38.89,65,988.50
2017-03-21 08:47:49,2017-03-21,270,0.00,0.00,0.00,0.00,38.89,65,988.40
2017-03-21 08:47:50,2017-03-21,270,0.00,0.00,0.00,0.00,38.89,65,988.50
2017-03-21 08:47:51,2017-03-21,270,0.00,0.00,0.00,0.00,38.89,65,988.40
2017-03-21 08:47:52,2017-03-21,270,0.00,0.00,0.00,0.00,38.89,65,988.40
2017-03-21 08:47:53,2017-03-21,270,0.00,0.00,0.00,0.00,38.89,65,988.50
2017-03-21 08:47:54,2017-03-21,270,0.00,0.00,0.00,0.00,38.89,65,988.40
2017-03-21 08:47:55,2017-03-21,270,0.00,0.00,0.00,0.00,38.89,65,988.30
2017-03-21 08:47:56,2017-03-21,270,0.00,0.00,0.00,0.00,38.89,65,988.40
2017-03-21 08:47:57,2017-03-21,270,0.00,0.00,0.00,0.00,38.89,65,988.40
2017-03-21 08:47:58,2017-03-21,270,0.00,0.00,0.00,0.00,38.89,65,988.40
2017-03-21 08:47:59,2017-03-21,270,0.00,0.00,0.00,0.00,38.89,65,988.40
2017-03-21 08:48:00,2017-03-21,270,0.00,0.00,0.00,0.00,38.89,65,988.40
2017-03-21 08:48:01,2017-03-21,270,0.00,0.00,0.00,0.00,38.89,65,988.40
2017-03-21 08:48:02,2017-03-21,270,0.00,0.00,0.00,0.00,38.89,65,988.50
2017-03-21 08:48:03,2017-03-21,270,0.00,0.00,0.00,0.00,38.89,65,988.40
2017-03-21 08:48:04,2017-03-21,270,0.00,0.00,0.00,0.00,38.89,65,988.40
2017-03-21 08:48:06,2017-03-21,270,0.00,0.00,0.00,0.00,38.89,65,988.40
2017-03-21 08:48:07,2017-03-21,270,0.00,0.00,0.00,0.00,38.89,65,988.40
2017-03-21 08:48:08,2017-03-21,270,0.00,0.00,0.00,0.00,38.89,65,988.50
2017-03-21 08:48:09,2017-03-21,270,0.00,0.00,0.00,0.00,38.89,65,988.30
2017-03-21 08:48:10,2017-03-21,270,0.00,0.00,0.00,0.00,38.89,65,988.40
2017-03-21 08:48:11,2017-03-21,270,0.00,0.00,0.00,0.00,38.89,65,988.40
2017-03-21 08:48:12,2017-03-21,270,0.00,0.00,0.00,0.00,38.89,65,988.50
2017-03-21 08:48:13,2017-03-21,270,0.00,0.00,0.00,0.00,38.89,65,988.40
2017-03-21 08:48:14,2017-03-21,270,0.00,0.00,0.00,0.00,38.89,65,988.40
2017-0